ts,username,ip,result
2025-03-21T12:00:10Z,dave,10.0.0.1,FAIL
2025-03-21T12:00:13Z,carol,10.0.0.9,OK
2025-03-21T12:00:17Z,dave,10.0.0.7,OK
2025-03-21T12:00:21Z,eve,10.0.0.1,OK
2025-03-21T12:00:31Z,frank,10.0.0.7,OK
2025-03-21T12:00:38Z,dave,10.0.0.7,FAIL
2025-03-21T12:00:39Z,frank,10.0.0.4,FAIL
2025-03-21T12:00:40Z,bob,10.0.0.2,OK
2025-03-21T12:00:49Z,bob,10.0.0.8,FAIL
2025-03-21T12:00:52Z,dave,10.0.0.2,OK
2025-03-21T12:00:59Z,carol,10.0.0.2,OK
2025-03-21T12:01:05Z,dave,10.0.0.9,OK
2025-03-21T12:01:06Z,carol,10.0.0.3,FAIL
2025-03-21T12:01:12Z,eve,10.0.0.10,FAIL
2025-03-21T12:01:15Z,alice,10.0.0.2,OK
2025-03-21T12:01:21Z,frank,10.0.0.3,FAIL
2025-03-21T12:01:23Z,alice,10.0.0.9,OK
2025-03-21T12:01:31Z,carol,10.0.0.9,FAIL
2025-03-21T12:01:33Z,alice,10.0.0.6,OK
2025-03-21T12:01:42Z,alice,10.0.0.7,FAIL
2025-03-21T12:01:51Z,bob,10.0.0.7,FAIL
2025-03-21T12:01:53Z,dave,10.0.0.5,OK
2025-03-21T12:01:59Z,alice,10.0.0.1,OK
2025-03-21T12:02:07Z,eve,10.0.0.6,OK
2025-03-21T12:02:13Z,alice,10.0.0.8,OK
2025-03-21T12:02:22Z,bob,10.0.0.8,FAIL
2025-03-21T12:02:32Z,alice,10.0.0.1,FAIL
2025-03-21T12:02:42Z,frank,10.0.0.8,FAIL
2025-03-21T12:02:47Z,carol,10.0.0.9,FAIL
2025-03-21T12:02:54Z,eve,10.0.0.6,OK
2025-03-21T12:03:01Z,dave,10.0.0.7,FAIL
2025-03-21T12:03:05Z,carol,10.0.0.2,OK
2025-03-21T12:03:08Z,carol,10.0.0.1,FAIL
2025-03-21T12:03:11Z,frank,10.0.0.2,FAIL
2025-03-21T12:03:13Z,eve,10.0.0.10,OK
2025-03-21T12:03:18Z,alice,10.0.0.3,OK
2025-03-21T12:03:22Z,carol,10.0.0.9,OK
2025-03-21T12:03:31Z,carol,10.0.0.4,OK
2025-03-21T12:03:33Z,carol,10.0.0.10,OK
2025-03-21T12:03:42Z,carol,10.0.0.10,FAIL
2025-03-21T12:03:52Z,eve,10.0.0.6,FAIL
2025-03-21T12:03:55Z,alice,10.0.0.8,FAIL
2025-03-21T12:03:58Z,bob,10.0.0.1,OK
2025-03-21T12:04:05Z,bob,10.0.0.3,FAIL
2025-03-21T12:04:07Z,carol,10.0.0.3,OK
2025-03-21T12:04:12Z,bob,10.0.0.9,FAIL
2025-03-21T12:04:20Z,dave,10.0.0.3,OK
2025-03-21T12:04:23Z,dave,10.0.0.5,FAIL
2025-03-21T12:04:29Z,frank,10.0.0.10,OK
2025-03-21T12:04:31Z,bob,10.0.0.2,FAIL
2025-03-21T12:04:39Z,carol,10.0.0.5,FAIL
2025-03-21T12:04:47Z,eve,10.0.0.7,OK
2025-03-21T12:04:57Z,alice,10.0.0.2,OK
2025-03-21T12:05:04Z,dave,10.0.0.1,OK
2025-03-21T12:05:13Z,carol,10.0.0.3,FAIL
2025-03-21T12:05:16Z,dave,10.0.0.5,OK
2025-03-21T12:05:20Z,bob,10.0.0.8,FAIL
2025-03-21T12:05:24Z,dave,10.0.0.5,OK
2025-03-21T12:05:32Z,dave,10.0.0.3,FAIL
2025-03-21T12:05:37Z,dave,10.0.0.3,OK
2025-03-21T12:05:38Z,alice,10.0.0.9,OK
2025-03-21T12:05:44Z,dave,10.0.0.1,FAIL
2025-03-21T12:05:50Z,frank,10.0.0.2,OK
2025-03-21T12:05:51Z,dave,10.0.0.10,OK
2025-03-21T12:05:53Z,dave,10.0.0.7,OK
2025-03-21T12:05:58Z,carol,10.0.0.7,FAIL
2025-03-21T12:06:00Z,carol,10.0.0.10,FAIL
2025-03-21T12:06:08Z,dave,10.0.0.6,OK
2025-03-21T12:06:18Z,bob,10.0.0.2,FAIL
2025-03-21T12:06:20Z,carol,10.0.0.10,FAIL
2025-03-21T12:06:21Z,frank,10.0.0.8,OK
2025-03-21T12:06:30Z,eve,10.0.0.2,FAIL
2025-03-21T12:06:35Z,alice,10.0.0.9,OK
2025-03-21T12:06:38Z,alice,10.0.0.7,OK
2025-03-21T12:06:39Z,dave,10.0.0.7,FAIL
2025-03-21T12:06:41Z,eve,10.0.0.4,FAIL
2025-03-21T12:06:42Z,eve,10.0.0.4,OK
2025-03-21T12:06:46Z,bob,10.0.0.5,FAIL
2025-03-21T12:06:47Z,eve,10.0.0.7,OK
2025-03-21T12:06:48Z,frank,10.0.0.7,OK
2025-03-21T12:06:57Z,frank,10.0.0.8,OK
2025-03-21T12:06:59Z,carol,10.0.0.2,FAIL
2025-03-21T12:07:07Z,frank,10.0.0.5,FAIL
2025-03-21T12:07:14Z,carol,10.0.0.10,OK
2025-03-21T12:07:18Z,frank,10.0.0.7,OK
2025-03-21T12:07:23Z,carol,10.0.0.5,OK
2025-03-21T12:07:31Z,frank,10.0.0.7,FAIL
2025-03-21T12:07:35Z,dave,10.0.0.10,OK
2025-03-21T12:07:38Z,alice,10.0.0.5,OK
2025-03-21T12:07:39Z,frank,10.0.0.6,OK
2025-03-21T12:07:44Z,dave,10.0.0.4,FAIL
2025-03-21T12:07:45Z,bob,10.0.0.1,FAIL
2025-03-21T12:07:48Z,eve,10.0.0.6,OK
2025-03-21T12:07:49Z,alice,10.0.0.9,OK
2025-03-21T12:07:59Z,bob,10.0.0.9,FAIL
2025-03-21T12:08:07Z,carol,10.0.0.1,OK
2025-03-21T12:08:16Z,bob,10.0.0.2,FAIL
2025-03-21T12:08:19Z,bob,10.0.0.5,FAIL
2025-03-21T12:08:22Z,frank,10.0.0.8,OK
2025-03-21T12:08:26Z,carol,10.0.0.10,FAIL
2025-03-21T12:08:30Z,alice,10.0.0.5,OK
2025-03-21T12:08:39Z,eve,10.0.0.7,OK
2025-03-21T12:08:46Z,bob,10.0.0.10,OK
2025-03-21T12:08:55Z,frank,10.0.0.1,FAIL
2025-03-21T12:08:58Z,bob,10.0.0.3,FAIL
2025-03-21T12:09:03Z,dave,10.0.0.10,FAIL
2025-03-21T12:09:08Z,frank,10.0.0.5,OK
2025-03-21T12:09:10Z,alice,10.0.0.10,OK
2025-03-21T12:09:18Z,bob,10.0.0.3,OK
2025-03-21T12:09:27Z,dave,10.0.0.4,FAIL
2025-03-21T12:09:37Z,eve,10.0.0.8,FAIL
2025-03-21T12:09:45Z,dave,10.0.0.3,OK
2025-03-21T12:09:49Z,eve,10.0.0.8,FAIL
2025-03-21T12:09:54Z,bob,10.0.0.2,FAIL
2025-03-21T12:10:03Z,eve,10.0.0.4,FAIL
2025-03-21T12:10:10Z,frank,10.0.0.4,OK
2025-03-21T12:10:19Z,carol,10.0.0.5,FAIL
2025-03-21T12:10:29Z,bob,10.0.0.7,OK
2025-03-21T12:10:35Z,carol,10.0.0.7,FAIL
2025-03-21T12:10:43Z,alice,10.0.0.9,OK
2025-03-21T12:10:52Z,dave,10.0.0.6,OK
2025-03-21T12:10:55Z,frank,10.0.0.8,FAIL
2025-03-21T12:11:05Z,frank,10.0.0.2,OK
2025-03-21T12:11:06Z,carol,10.0.0.6,OK
2025-03-21T12:11:13Z,carol,10.0.0.2,FAIL
2025-03-21T12:11:20Z,carol,10.0.0.8,FAIL
2025-03-21T12:11:30Z,dave,10.0.0.7,FAIL
2025-03-21T12:11:37Z,eve,10.0.0.4,OK
2025-03-21T12:11:47Z,frank,10.0.0.1,OK
2025-03-21T12:11:50Z,frank,10.0.0.1,OK
2025-03-21T12:11:56Z,frank,10.0.0.10,FAIL
2025-03-21T12:11:58Z,bob,10.0.0.10,FAIL
2025-03-21T12:12:00Z,alice,10.0.0.4,FAIL
2025-03-21T12:12:04Z,bob,10.0.0.4,OK
2025-03-21T12:12:14Z,dave,10.0.0.5,OK
2025-03-21T12:12:17Z,alice,10.0.0.6,OK
2025-03-21T12:12:25Z,eve,10.0.0.5,FAIL
2025-03-21T12:12:35Z,bob,10.0.0.8,FAIL
2025-03-21T12:12:39Z,carol,10.0.0.3,FAIL
2025-03-21T12:12:40Z,bob,10.0.0.6,FAIL
2025-03-21T12:12:47Z,alice,10.0.0.7,FAIL
2025-03-21T12:12:56Z,bob,10.0.0.8,OK
2025-03-21T12:13:01Z,alice,10.0.0.7,FAIL
2025-03-21T12:13:09Z,alice,10.0.0.7,FAIL
2025-03-21T12:13:11Z,bob,10.0.0.4,FAIL
2025-03-21T12:13:16Z,bob,10.0.0.6,OK
2025-03-21T12:13:21Z,frank,10.0.0.4,FAIL
2025-03-21T12:13:25Z,alice,10.0.0.1,OK
2025-03-21T12:13:33Z,bob,10.0.0.3,OK
2025-03-21T12:13:38Z,eve,10.0.0.2,FAIL
2025-03-21T12:13:46Z,alice,10.0.0.4,OK
2025-03-21T12:13:55Z,dave,10.0.0.2,FAIL
2025-03-21T12:13:56Z,carol,10.0.0.9,OK
2025-03-21T12:13:57Z,dave,10.0.0.8,FAIL
2025-03-21T12:14:00Z,alice,10.0.0.6,OK
2025-03-21T12:14:03Z,carol,10.0.0.9,FAIL
2025-03-21T12:14:06Z,frank,10.0.0.5,OK
2025-03-21T12:14:16Z,frank,10.0.0.9,OK
2025-03-21T12:14:20Z,eve,10.0.0.4,OK
2025-03-21T12:14:28Z,dave,10.0.0.9,OK
2025-03-21T12:14:37Z,carol,10.0.0.5,FAIL
2025-03-21T12:14:45Z,carol,10.0.0.1,FAIL
2025-03-21T12:14:49Z,carol,10.0.0.8,FAIL
2025-03-21T12:14:56Z,frank,10.0.0.9,FAIL
2025-03-21T12:14:59Z,alice,10.0.0.7,FAIL
2025-03-21T12:15:02Z,alice,10.0.0.7,OK
2025-03-21T12:15:08Z,carol,10.0.0.1,OK
2025-03-21T12:15:09Z,eve,10.0.0.1,OK
2025-03-21T12:15:12Z,bob,10.0.0.3,FAIL
2025-03-21T12:15:13Z,bob,10.0.0.9,OK
2025-03-21T12:15:15Z,bob,10.0.0.3,OK
2025-03-21T12:15:24Z,alice,10.0.0.8,OK
2025-03-21T12:15:29Z,carol,10.0.0.5,FAIL
2025-03-21T12:15:33Z,carol,10.0.0.4,OK
2025-03-21T12:15:41Z,dave,10.0.0.1,OK
2025-03-21T12:15:47Z,alice,10.0.0.2,FAIL
2025-03-21T12:15:50Z,bob,10.0.0.1,OK
2025-03-21T12:15:58Z,bob,10.0.0.3,OK
2025-03-21T12:16:05Z,bob,10.0.0.2,OK
2025-03-21T12:16:08Z,frank,10.0.0.2,FAIL
2025-03-21T12:16:15Z,carol,10.0.0.1,OK
2025-03-21T12:16:18Z,alice,10.0.0.10,FAIL
2025-03-21T12:16:22Z,carol,10.0.0.2,FAIL
2025-03-21T12:16:26Z,alice,10.0.0.8,FAIL
2025-03-21T12:16:36Z,bob,10.0.0.9,OK
2025-03-21T12:16:38Z,alice,10.0.0.8,FAIL
2025-03-21T12:16:44Z,dave,10.0.0.9,FAIL
2025-03-21T12:16:47Z,eve,10.0.0.7,OK
2025-03-21T12:16:54Z,carol,10.0.0.7,OK
2025-03-21T12:16:58Z,frank,10.0.0.4,FAIL
2025-03-21T12:17:07Z,carol,10.0.0.1,FAIL
2025-03-21T12:17:17Z,bob,10.0.0.3,FAIL
2025-03-21T12:17:18Z,carol,10.0.0.3,FAIL
2025-03-21T12:17:19Z,frank,10.0.0.9,OK
2025-03-21T12:17:23Z,frank,10.0.0.5,OK
2025-03-21T12:17:24Z,bob,10.0.0.7,OK
2025-03-21T12:17:25Z,frank,10.0.0.6,OK
2025-03-21T12:17:31Z,bob,10.0.0.1,OK
2025-03-21T12:17:39Z,frank,10.0.0.3,FAIL
2025-03-21T12:17:40Z,dave,10.0.0.3,OK
2025-03-21T12:17:44Z,frank,10.0.0.10,OK
2025-03-21T12:17:48Z,alice,10.0.0.2,OK
2025-03-21T12:17:50Z,dave,10.0.0.4,FAIL
2025-03-21T12:17:56Z,alice,10.0.0.10,FAIL
2025-03-21T12:17:57Z,dave,10.0.0.1,OK
2025-03-21T12:17:58Z,dave,10.0.0.6,OK
2025-03-21T12:18:04Z,dave,10.0.0.10,OK
2025-03-21T12:18:14Z,frank,10.0.0.4,OK
2025-03-21T12:18:17Z,carol,10.0.0.3,FAIL
2025-03-21T12:18:25Z,eve,10.0.0.10,FAIL
2025-03-21T12:18:35Z,carol,10.0.0.10,FAIL
2025-03-21T12:18:38Z,frank,10.0.0.6,OK
2025-03-21T12:18:42Z,eve,10.0.0.5,OK
2025-03-21T12:18:48Z,alice,10.0.0.9,OK
2025-03-21T12:18:58Z,eve,10.0.0.7,FAIL
2025-03-21T12:19:07Z,carol,10.0.0.1,OK
2025-03-21T12:19:16Z,eve,10.0.0.1,OK
2025-03-21T12:19:20Z,alice,10.0.0.8,FAIL
2025-03-21T12:19:29Z,alice,10.0.0.10,OK
2025-03-21T12:19:31Z,carol,10.0.0.9,OK
2025-03-21T12:19:37Z,frank,10.0.0.2,FAIL
2025-03-21T12:19:45Z,dave,10.0.0.10,FAIL
2025-03-21T12:19:49Z,frank,10.0.0.7,FAIL
2025-03-21T12:19:52Z,carol,10.0.0.8,FAIL
2025-03-21T12:19:54Z,bob,10.0.0.1,FAIL
2025-03-21T12:19:58Z,carol,10.0.0.3,OK
2025-03-21T12:20:07Z,dave,10.0.0.8,OK
2025-03-21T12:20:08Z,frank,10.0.0.7,FAIL
2025-03-21T12:20:09Z,dave,10.0.0.9,FAIL
2025-03-21T12:20:18Z,dave,10.0.0.9,FAIL
2025-03-21T12:20:26Z,frank,10.0.0.6,FAIL
2025-03-21T12:20:28Z,frank,10.0.0.1,OK
2025-03-21T12:20:36Z,carol,10.0.0.4,FAIL
2025-03-21T12:20:43Z,alice,10.0.0.7,FAIL
2025-03-21T12:20:51Z,alice,10.0.0.5,FAIL
2025-03-21T12:21:01Z,dave,10.0.0.6,OK
2025-03-21T12:21:02Z,frank,10.0.0.8,FAIL
2025-03-21T12:21:03Z,frank,10.0.0.1,OK
2025-03-21T12:21:11Z,eve,10.0.0.5,FAIL
2025-03-21T12:21:20Z,carol,10.0.0.6,FAIL
2025-03-21T12:21:26Z,eve,10.0.0.10,OK
2025-03-21T12:21:28Z,bob,10.0.0.3,OK
2025-03-21T12:21:33Z,alice,10.0.0.6,FAIL
2025-03-21T12:21:43Z,alice,10.0.0.3,OK
2025-03-21T12:21:49Z,frank,10.0.0.4,OK
2025-03-21T12:21:55Z,dave,10.0.0.2,FAIL
2025-03-21T12:21:57Z,bob,10.0.0.8,OK
2025-03-21T12:22:04Z,bob,10.0.0.6,FAIL
2025-03-21T12:22:11Z,bob,10.0.0.5,FAIL
2025-03-21T12:22:17Z,frank,10.0.0.10,OK
2025-03-21T12:22:27Z,dave,10.0.0.7,OK
2025-03-21T12:22:35Z,frank,10.0.0.5,FAIL
2025-03-21T12:22:42Z,dave,10.0.0.9,FAIL
2025-03-21T12:22:52Z,bob,10.0.0.1,FAIL
2025-03-21T12:23:01Z,frank,10.0.0.8,OK
2025-03-21T12:23:05Z,alice,10.0.0.9,FAIL
2025-03-21T12:23:07Z,dave,10.0.0.9,FAIL
2025-03-21T12:23:15Z,frank,10.0.0.5,OK
2025-03-21T12:23:22Z,alice,10.0.0.6,FAIL
2025-03-21T12:23:26Z,eve,10.0.0.10,OK
2025-03-21T12:23:29Z,dave,10.0.0.10,FAIL
2025-03-21T12:23:34Z,bob,10.0.0.2,OK
2025-03-21T12:23:39Z,bob,10.0.0.1,FAIL
2025-03-21T12:23:43Z,frank,10.0.0.6,FAIL
2025-03-21T12:23:47Z,eve,10.0.0.2,FAIL
2025-03-21T12:23:54Z,dave,10.0.0.2,FAIL
2025-03-21T12:24:01Z,frank,10.0.0.7,OK
2025-03-21T12:24:08Z,frank,10.0.0.1,OK
2025-03-21T12:24:09Z,eve,10.0.0.4,FAIL
2025-03-21T12:24:11Z,frank,10.0.0.7,OK
2025-03-21T12:24:20Z,frank,10.0.0.4,OK
2025-03-21T12:24:29Z,carol,10.0.0.7,FAIL
2025-03-21T12:24:35Z,carol,10.0.0.5,OK
2025-03-21T12:24:41Z,frank,10.0.0.2,OK
2025-03-21T12:24:42Z,frank,10.0.0.10,FAIL
2025-03-21T12:24:44Z,alice,10.0.0.6,OK
2025-03-21T12:24:47Z,frank,10.0.0.8,FAIL
2025-03-21T12:24:54Z,dave,10.0.0.1,OK
2025-03-21T12:24:59Z,dave,10.0.0.2,FAIL
2025-03-21T12:25:08Z,bob,10.0.0.10,OK
2025-03-21T12:25:14Z,carol,10.0.0.3,FAIL
2025-03-21T12:25:24Z,bob,10.0.0.3,OK
2025-03-21T12:25:31Z,eve,10.0.0.2,FAIL
2025-03-21T12:25:36Z,bob,10.0.0.4,OK
2025-03-21T12:25:38Z,frank,10.0.0.9,OK
2025-03-21T12:25:41Z,frank,10.0.0.8,OK
2025-03-21T12:25:44Z,bob,10.0.0.2,FAIL
2025-03-21T12:25:45Z,alice,10.0.0.4,OK
2025-03-21T12:25:55Z,alice,10.0.0.7,FAIL
2025-03-21T12:25:57Z,frank,10.0.0.1,OK
2025-03-21T12:26:05Z,bob,10.0.0.2,FAIL
2025-03-21T12:26:09Z,frank,10.0.0.7,OK
2025-03-21T12:26:18Z,frank,10.0.0.9,OK
2025-03-21T12:26:19Z,eve,10.0.0.6,FAIL
2025-03-21T12:26:20Z,bob,10.0.0.2,OK
2025-03-21T12:26:27Z,alice,10.0.0.8,OK
2025-03-21T12:26:33Z,alice,10.0.0.3,OK
2025-03-21T12:26:35Z,alice,10.0.0.2,FAIL
2025-03-21T12:26:40Z,carol,10.0.0.10,FAIL
2025-03-21T12:26:46Z,eve,10.0.0.8,FAIL
2025-03-21T12:26:52Z,bob,10.0.0.2,FAIL
2025-03-21T12:27:01Z,frank,10.0.0.7,FAIL
2025-03-21T12:27:03Z,dave,10.0.0.6,OK
2025-03-21T12:27:05Z,carol,10.0.0.3,FAIL
2025-03-21T12:27:06Z,alice,10.0.0.8,OK
2025-03-21T12:27:15Z,dave,10.0.0.2,OK
2025-03-21T12:27:22Z,dave,10.0.0.10,OK
2025-03-21T12:27:28Z,alice,10.0.0.6,OK
2025-03-21T12:27:31Z,bob,10.0.0.8,OK
2025-03-21T12:27:40Z,alice,10.0.0.6,FAIL
2025-03-21T12:27:43Z,alice,10.0.0.8,FAIL
2025-03-21T12:27:49Z,bob,10.0.0.2,OK
2025-03-21T12:27:59Z,frank,10.0.0.9,FAIL
2025-03-21T12:28:05Z,bob,10.0.0.5,FAIL
2025-03-21T12:28:14Z,dave,10.0.0.2,OK
2025-03-21T12:28:15Z,frank,10.0.0.7,FAIL
2025-03-21T12:28:17Z,carol,10.0.0.9,FAIL
2025-03-21T12:28:18Z,alice,10.0.0.7,FAIL
2025-03-21T12:28:27Z,frank,10.0.0.2,OK
2025-03-21T12:28:34Z,eve,10.0.0.3,FAIL
2025-03-21T12:28:44Z,dave,10.0.0.6,FAIL
2025-03-21T12:28:53Z,eve,10.0.0.1,OK
2025-03-21T12:28:58Z,bob,10.0.0.10,OK
2025-03-21T12:29:04Z,dave,10.0.0.1,FAIL
2025-03-21T12:29:05Z,frank,10.0.0.7,FAIL
2025-03-21T12:29:07Z,dave,10.0.0.9,FAIL
2025-03-21T12:29:14Z,dave,10.0.0.4,FAIL
2025-03-21T12:29:19Z,alice,10.0.0.10,OK
2025-03-21T12:29:21Z,eve,10.0.0.6,FAIL
2025-03-21T12:29:24Z,eve,10.0.0.1,FAIL
2025-03-21T12:29:27Z,dave,10.0.0.8,FAIL
2025-03-21T12:29:29Z,dave,10.0.0.3,OK
2025-03-21T12:29:35Z,bob,10.0.0.9,FAIL
2025-03-21T12:29:42Z,alice,10.0.0.9,FAIL
2025-03-21T12:29:47Z,carol,10.0.0.1,OK
2025-03-21T12:29:53Z,eve,10.0.0.5,FAIL
2025-03-21T12:29:55Z,alice,10.0.0.10,OK
2025-03-21T12:29:57Z,dave,10.0.0.5,OK
2025-03-21T12:30:06Z,alice,10.0.0.8,OK
2025-03-21T12:30:11Z,dave,10.0.0.3,OK
2025-03-21T12:30:15Z,dave,10.0.0.1,OK
2025-03-21T12:30:19Z,alice,10.0.0.7,OK
2025-03-21T12:30:24Z,frank,10.0.0.9,FAIL
2025-03-21T12:30:32Z,bob,10.0.0.3,OK
2025-03-21T12:30:33Z,bob,10.0.0.9,OK
2025-03-21T12:30:39Z,dave,10.0.0.8,OK
2025-03-21T12:30:42Z,carol,10.0.0.2,FAIL
2025-03-21T12:30:50Z,dave,10.0.0.10,OK
2025-03-21T12:30:58Z,dave,10.0.0.7,OK
2025-03-21T12:31:00Z,dave,10.0.0.10,OK
2025-03-21T12:31:09Z,frank,10.0.0.5,OK
2025-03-21T12:31:15Z,alice,10.0.0.10,OK
2025-03-21T12:31:24Z,dave,10.0.0.6,FAIL
2025-03-21T12:31:26Z,frank,10.0.0.2,OK
2025-03-21T12:31:30Z,frank,10.0.0.6,FAIL
2025-03-21T12:31:40Z,dave,10.0.0.5,OK
2025-03-21T12:31:45Z,alice,10.0.0.1,OK
2025-03-21T12:31:48Z,carol,10.0.0.10,FAIL
2025-03-21T12:31:52Z,bob,10.0.0.7,OK
2025-03-21T12:32:00Z,alice,10.0.0.7,OK
2025-03-21T12:32:09Z,alice,10.0.0.4,FAIL
2025-03-21T12:32:19Z,alice,10.0.0.1,OK
2025-03-21T12:32:23Z,alice,10.0.0.10,OK
2025-03-21T12:32:31Z,frank,10.0.0.3,FAIL
2025-03-21T12:32:41Z,alice,10.0.0.10,FAIL
2025-03-21T12:32:50Z,carol,10.0.0.3,FAIL
2025-03-21T12:32:53Z,dave,10.0.0.1,FAIL
2025-03-21T12:32:59Z,alice,10.0.0.5,FAIL
2025-03-21T12:33:00Z,frank,10.0.0.9,FAIL
2025-03-21T12:33:06Z,carol,10.0.0.3,OK
2025-03-21T12:33:12Z,bob,10.0.0.6,FAIL
2025-03-21T12:33:18Z,bob,10.0.0.10,FAIL
2025-03-21T12:33:23Z,alice,10.0.0.5,OK
2025-03-21T12:33:32Z,carol,10.0.0.8,FAIL
2025-03-21T12:33:34Z,frank,10.0.0.5,OK
2025-03-21T12:33:43Z,bob,10.0.0.2,OK
2025-03-21T12:33:44Z,alice,10.0.0.1,OK
2025-03-21T12:33:51Z,alice,10.0.0.9,OK
2025-03-21T12:33:58Z,dave,10.0.0.2,FAIL
2025-03-21T12:34:08Z,dave,10.0.0.6,FAIL
2025-03-21T12:34:17Z,eve,10.0.0.3,FAIL
2025-03-21T12:34:22Z,alice,10.0.0.1,FAIL
2025-03-21T12:34:24Z,carol,10.0.0.2,FAIL
2025-03-21T12:34:27Z,dave,10.0.0.4,FAIL
2025-03-21T12:34:29Z,eve,10.0.0.9,OK
2025-03-21T12:34:31Z,bob,10.0.0.9,FAIL
2025-03-21T12:34:35Z,eve,10.0.0.7,OK
2025-03-21T12:34:39Z,dave,10.0.0.6,OK
2025-03-21T12:34:42Z,carol,10.0.0.3,OK
2025-03-21T12:34:47Z,dave,10.0.0.3,OK
2025-03-21T12:34:50Z,eve,10.0.0.3,FAIL
2025-03-21T12:34:53Z,frank,10.0.0.5,OK
2025-03-21T12:34:54Z,alice,10.0.0.2,FAIL
2025-03-21T12:34:55Z,bob,10.0.0.6,OK
2025-03-21T12:34:58Z,eve,10.0.0.10,FAIL
2025-03-21T12:35:07Z,alice,10.0.0.6,FAIL
2025-03-21T12:35:14Z,dave,10.0.0.5,FAIL
2025-03-21T12:35:18Z,bob,10.0.0.4,FAIL
2025-03-21T12:35:21Z,bob,10.0.0.1,FAIL
2025-03-21T12:35:30Z,eve,10.0.0.1,OK
2025-03-21T12:35:34Z,bob,10.0.0.1,FAIL
2025-03-21T12:35:35Z,bob,10.0.0.9,FAIL
2025-03-21T12:35:36Z,carol,10.0.0.10,OK
2025-03-21T12:35:38Z,alice,10.0.0.9,OK
2025-03-21T12:35:47Z,frank,10.0.0.7,OK
2025-03-21T12:35:52Z,eve,10.0.0.8,OK
2025-03-21T12:36:01Z,dave,10.0.0.8,OK
2025-03-21T12:36:11Z,alice,10.0.0.8,OK
2025-03-21T12:36:12Z,frank,10.0.0.1,FAIL
2025-03-21T12:36:17Z,bob,10.0.0.7,FAIL
2025-03-21T12:36:18Z,frank,10.0.0.10,FAIL
2025-03-21T12:36:21Z,alice,10.0.0.1,FAIL
2025-03-21T12:36:22Z,carol,10.0.0.5,OK
2025-03-21T12:36:26Z,carol,10.0.0.9,FAIL
2025-03-21T12:36:32Z,bob,10.0.0.10,FAIL
2025-03-21T12:36:37Z,carol,10.0.0.4,FAIL
2025-03-21T12:36:41Z,bob,10.0.0.8,FAIL
2025-03-21T12:36:46Z,eve,10.0.0.2,OK
2025-03-21T12:36:54Z,dave,10.0.0.8,FAIL
2025-03-21T12:37:00Z,bob,10.0.0.10,OK
2025-03-21T12:37:03Z,bob,10.0.0.1,OK
2025-03-21T12:37:05Z,alice,10.0.0.2,OK
2025-03-21T12:37:12Z,bob,10.0.0.7,FAIL
2025-03-21T12:37:22Z,carol,10.0.0.5,OK
2025-03-21T12:37:30Z,carol,10.0.0.6,FAIL
2025-03-21T12:37:38Z,dave,10.0.0.2,OK
2025-03-21T12:37:45Z,eve,10.0.0.6,OK
2025-03-21T12:37:53Z,carol,10.0.0.9,FAIL
2025-03-21T12:38:00Z,frank,10.0.0.7,FAIL
2025-03-21T12:38:04Z,eve,10.0.0.10,OK
2025-03-21T12:38:07Z,dave,10.0.0.6,FAIL
2025-03-21T12:38:08Z,carol,10.0.0.6,FAIL
2025-03-21T12:38:13Z,frank,10.0.0.1,OK
2025-03-21T12:38:16Z,carol,10.0.0.8,FAIL
2025-03-21T12:38:24Z,bob,10.0.0.10,OK
2025-03-21T12:38:28Z,alice,10.0.0.6,OK
2025-03-21T12:38:37Z,carol,10.0.0.6,FAIL
2025-03-21T12:38:41Z,frank,10.0.0.5,OK
2025-03-21T12:38:44Z,frank,10.0.0.5,FAIL
2025-03-21T12:38:48Z,dave,10.0.0.5,FAIL
2025-03-21T12:38:58Z,alice,10.0.0.2,FAIL
2025-03-21T12:39:07Z,bob,10.0.0.10,FAIL
2025-03-21T12:39:08Z,carol,10.0.0.5,FAIL
2025-03-21T12:39:14Z,dave,10.0.0.5,OK
2025-03-21T12:39:16Z,frank,10.0.0.2,OK
2025-03-21T12:39:25Z,dave,10.0.0.6,OK
2025-03-21T12:39:30Z,dave,10.0.0.4,FAIL
2025-03-21T12:39:35Z,carol,10.0.0.1,FAIL
2025-03-21T12:39:42Z,eve,10.0.0.4,OK
2025-03-21T12:39:43Z,carol,10.0.0.8,OK
2025-03-21T12:39:51Z,eve,10.0.0.6,OK
2025-03-21T12:39:58Z,alice,10.0.0.3,OK
2025-03-21T12:40:04Z,eve,10.0.0.1,FAIL
2025-03-21T12:40:10Z,eve,10.0.0.4,OK
2025-03-21T12:40:15Z,eve,10.0.0.10,OK
2025-03-21T12:40:16Z,dave,10.0.0.7,OK
2025-03-21T12:40:21Z,carol,10.0.0.9,OK
2025-03-21T12:40:23Z,dave,10.0.0.7,OK
2025-03-21T12:40:28Z,eve,10.0.0.6,OK
2025-03-21T12:40:32Z,dave,10.0.0.7,FAIL
2025-03-21T12:40:38Z,dave,10.0.0.10,OK
2025-03-21T12:40:43Z,alice,10.0.0.8,OK
2025-03-21T12:40:51Z,frank,10.0.0.9,OK
2025-03-21T12:41:01Z,eve,10.0.0.9,OK
2025-03-21T12:41:07Z,eve,10.0.0.9,OK
2025-03-21T12:41:17Z,carol,10.0.0.10,OK
2025-03-21T12:41:21Z,carol,10.0.0.1,FAIL
2025-03-21T12:41:28Z,dave,10.0.0.3,OK
2025-03-21T12:41:37Z,frank,10.0.0.2,OK
2025-03-21T12:41:43Z,frank,10.0.0.10,OK
2025-03-21T12:41:50Z,carol,10.0.0.10,FAIL
2025-03-21T12:41:57Z,carol,10.0.0.2,FAIL
2025-03-21T12:42:04Z,bob,10.0.0.10,OK
2025-03-21T12:42:11Z,alice,10.0.0.8,OK
2025-03-21T12:42:19Z,frank,10.0.0.5,FAIL
2025-03-21T12:42:25Z,bob,10.0.0.9,OK
2025-03-21T12:42:28Z,bob,10.0.0.4,OK
2025-03-21T12:42:33Z,alice,10.0.0.5,FAIL
2025-03-21T12:42:40Z,dave,10.0.0.9,FAIL
2025-03-21T12:42:44Z,carol,10.0.0.6,FAIL
2025-03-21T12:42:50Z,dave,10.0.0.1,OK
2025-03-21T12:43:00Z,carol,10.0.0.7,FAIL
2025-03-21T12:43:03Z,carol,10.0.0.3,OK
2025-03-21T12:43:05Z,eve,10.0.0.1,FAIL
2025-03-21T12:43:11Z,frank,10.0.0.10,FAIL
2025-03-21T12:43:12Z,alice,10.0.0.5,OK
2025-03-21T12:43:21Z,dave,10.0.0.8,OK
2025-03-21T12:43:25Z,frank,10.0.0.6,FAIL
2025-03-21T12:43:32Z,dave,10.0.0.1,FAIL
2025-03-21T12:43:41Z,alice,10.0.0.7,OK
2025-03-21T12:43:46Z,eve,10.0.0.8,FAIL
2025-03-21T12:43:50Z,alice,10.0.0.4,OK
2025-03-21T12:43:52Z,dave,10.0.0.4,OK
2025-03-21T12:43:55Z,bob,10.0.0.8,OK
2025-03-21T12:43:59Z,alice,10.0.0.10,OK
2025-03-21T12:44:05Z,alice,10.0.0.7,OK
2025-03-21T12:44:13Z,carol,10.0.0.9,FAIL
2025-03-21T12:44:19Z,bob,10.0.0.3,OK
2025-03-21T12:44:23Z,bob,10.0.0.10,FAIL
2025-03-21T12:44:30Z,alice,10.0.0.8,FAIL
2025-03-21T12:44:35Z,alice,10.0.0.1,OK
2025-03-21T12:44:39Z,eve,10.0.0.2,FAIL
2025-03-21T12:44:42Z,frank,10.0.0.6,FAIL
2025-03-21T12:44:51Z,dave,10.0.0.6,FAIL
2025-03-21T12:44:52Z,dave,10.0.0.7,OK
2025-03-21T12:44:57Z,eve,10.0.0.4,OK
2025-03-21T12:45:00Z,bob,10.0.0.4,OK
2025-03-21T12:45:05Z,carol,10.0.0.10,OK
2025-03-21T12:45:07Z,carol,10.0.0.2,FAIL
2025-03-21T12:45:10Z,carol,10.0.0.7,FAIL
2025-03-21T12:45:14Z,dave,10.0.0.2,FAIL
2025-03-21T12:45:20Z,alice,10.0.0.5,FAIL
2025-03-21T12:45:27Z,dave,10.0.0.10,OK
2025-03-21T12:45:35Z,frank,10.0.0.1,OK
2025-03-21T12:45:41Z,alice,10.0.0.1,FAIL
2025-03-21T12:45:48Z,dave,10.0.0.6,OK
2025-03-21T12:45:56Z,frank,10.0.0.9,FAIL
2025-03-21T12:46:02Z,alice,10.0.0.1,FAIL
2025-03-21T12:46:05Z,frank,10.0.0.2,OK
2025-03-21T12:46:10Z,frank,10.0.0.2,OK
2025-03-21T12:46:14Z,frank,10.0.0.9,FAIL
2025-03-21T12:46:22Z,alice,10.0.0.2,OK
2025-03-21T12:46:27Z,frank,10.0.0.5,FAIL
2025-03-21T12:46:29Z,alice,10.0.0.9,OK
2025-03-21T12:46:38Z,eve,10.0.0.1,OK
2025-03-21T12:46:41Z,bob,10.0.0.5,FAIL
2025-03-21T12:46:46Z,alice,10.0.0.1,FAIL
2025-03-21T12:46:53Z,carol,10.0.0.4,FAIL
2025-03-21T12:46:58Z,bob,10.0.0.1,FAIL
2025-03-21T12:47:04Z,carol,10.0.0.7,OK
2025-03-21T12:47:05Z,bob,10.0.0.10,OK
2025-03-21T12:47:08Z,alice,10.0.0.8,OK
2025-03-21T12:47:11Z,frank,10.0.0.7,FAIL
2025-03-21T12:47:18Z,carol,10.0.0.5,OK
2025-03-21T12:47:28Z,frank,10.0.0.1,FAIL
2025-03-21T12:47:34Z,frank,10.0.0.6,OK
2025-03-21T12:47:35Z,carol,10.0.0.4,FAIL
2025-03-21T12:47:37Z,frank,10.0.0.9,FAIL
2025-03-21T12:47:39Z,eve,10.0.0.2,FAIL
2025-03-21T12:47:45Z,dave,10.0.0.2,FAIL
2025-03-21T12:47:49Z,frank,10.0.0.9,OK
2025-03-21T12:47:53Z,dave,10.0.0.9,OK
2025-03-21T12:48:02Z,dave,10.0.0.8,OK
2025-03-21T12:48:08Z,carol,10.0.0.4,OK
2025-03-21T12:48:15Z,frank,10.0.0.4,OK
2025-03-21T12:48:24Z,eve,10.0.0.4,OK
2025-03-21T12:48:25Z,eve,10.0.0.5,FAIL
2025-03-21T12:48:35Z,dave,10.0.0.10,OK
2025-03-21T12:48:40Z,dave,10.0.0.7,FAIL
2025-03-21T12:48:50Z,eve,10.0.0.5,OK
2025-03-21T12:48:52Z,eve,10.0.0.2,OK
2025-03-21T12:48:56Z,alice,10.0.0.4,FAIL
2025-03-21T12:48:57Z,carol,10.0.0.4,OK
2025-03-21T12:49:06Z,carol,10.0.0.3,OK
2025-03-21T12:49:15Z,carol,10.0.0.9,FAIL
2025-03-21T12:49:17Z,eve,10.0.0.9,OK
2025-03-21T12:49:20Z,dave,10.0.0.1,FAIL
2025-03-21T12:49:30Z,dave,10.0.0.1,FAIL
2025-03-21T12:49:33Z,frank,10.0.0.10,FAIL
2025-03-21T12:49:39Z,alice,10.0.0.4,FAIL
2025-03-21T12:49:44Z,bob,10.0.0.8,OK
2025-03-21T12:49:45Z,frank,10.0.0.9,OK
2025-03-21T12:49:50Z,alice,10.0.0.5,OK
2025-03-21T12:49:51Z,bob,10.0.0.3,FAIL
2025-03-21T12:50:01Z,alice,10.0.0.10,FAIL
2025-03-21T12:50:07Z,bob,10.0.0.8,OK
2025-03-21T12:50:09Z,eve,10.0.0.9,OK
2025-03-21T12:50:10Z,dave,10.0.0.8,OK
2025-03-21T12:50:12Z,bob,10.0.0.1,FAIL
2025-03-21T12:50:20Z,dave,10.0.0.10,FAIL
2025-03-21T12:50:28Z,dave,10.0.0.6,FAIL
2025-03-21T12:50:31Z,bob,10.0.0.8,OK
2025-03-21T12:50:35Z,alice,10.0.0.1,FAIL
2025-03-21T12:50:37Z,dave,10.0.0.5,FAIL
2025-03-21T12:50:42Z,alice,10.0.0.5,FAIL
2025-03-21T12:50:45Z,dave,10.0.0.10,OK
2025-03-21T12:50:49Z,carol,10.0.0.3,OK
2025-03-21T12:50:56Z,frank,10.0.0.9,OK
2025-03-21T12:51:00Z,alice,10.0.0.10,FAIL
2025-03-21T12:51:03Z,frank,10.0.0.9,FAIL
2025-03-21T12:51:13Z,carol,10.0.0.5,FAIL
2025-03-21T12:51:18Z,bob,10.0.0.10,FAIL
2025-03-21T12:51:22Z,dave,10.0.0.6,OK
2025-03-21T12:51:28Z,carol,10.0.0.8,OK
2025-03-21T12:51:37Z,alice,10.0.0.9,FAIL
2025-03-21T12:51:38Z,alice,10.0.0.3,FAIL
2025-03-21T12:51:44Z,bob,10.0.0.5,OK
2025-03-21T12:51:53Z,eve,10.0.0.9,FAIL
2025-03-21T12:52:00Z,frank,10.0.0.10,FAIL
2025-03-21T12:52:06Z,eve,10.0.0.8,OK
2025-03-21T12:52:11Z,dave,10.0.0.8,FAIL
2025-03-21T12:52:15Z,bob,10.0.0.7,OK
2025-03-21T12:52:25Z,dave,10.0.0.3,FAIL
2025-03-21T12:52:26Z,carol,10.0.0.8,OK
2025-03-21T12:52:28Z,dave,10.0.0.5,OK
2025-03-21T12:52:38Z,carol,10.0.0.3,OK
2025-03-21T12:52:40Z,bob,10.0.0.10,FAIL
2025-03-21T12:52:49Z,dave,10.0.0.4,OK
2025-03-21T12:52:57Z,eve,10.0.0.7,FAIL
2025-03-21T12:53:05Z,bob,10.0.0.1,OK
2025-03-21T12:53:09Z,frank,10.0.0.1,FAIL
2025-03-21T12:53:13Z,bob,10.0.0.1,FAIL
2025-03-21T12:53:21Z,frank,10.0.0.6,FAIL
2025-03-21T12:53:29Z,eve,10.0.0.2,OK
2025-03-21T12:53:31Z,frank,10.0.0.7,OK
2025-03-21T12:53:37Z,carol,10.0.0.10,FAIL
2025-03-21T12:53:45Z,frank,10.0.0.5,FAIL
2025-03-21T12:53:52Z,carol,10.0.0.3,OK
2025-03-21T12:53:59Z,alice,10.0.0.8,FAIL
2025-03-21T12:54:01Z,eve,10.0.0.1,OK
2025-03-21T12:54:02Z,frank,10.0.0.6,FAIL
2025-03-21T12:54:12Z,eve,10.0.0.3,FAIL
2025-03-21T12:54:20Z,bob,10.0.0.1,FAIL
2025-03-21T12:54:30Z,eve,10.0.0.8,FAIL
2025-03-21T12:54:34Z,bob,10.0.0.4,FAIL
2025-03-21T12:54:42Z,alice,10.0.0.8,FAIL
2025-03-21T12:54:45Z,alice,10.0.0.4,OK
2025-03-21T12:54:53Z,frank,10.0.0.8,OK
2025-03-21T12:55:00Z,eve,10.0.0.10,FAIL
2025-03-21T12:55:02Z,frank,10.0.0.6,FAIL
2025-03-21T12:55:06Z,frank,10.0.0.6,FAIL
2025-03-21T12:55:08Z,dave,10.0.0.1,OK
2025-03-21T12:55:09Z,carol,10.0.0.3,OK
2025-03-21T12:55:15Z,dave,10.0.0.2,FAIL
2025-03-21T12:55:22Z,eve,10.0.0.2,OK
2025-03-21T12:55:28Z,eve,10.0.0.7,OK
2025-03-21T12:55:35Z,carol,10.0.0.2,FAIL
2025-03-21T12:55:36Z,carol,10.0.0.3,FAIL
2025-03-21T12:55:41Z,dave,10.0.0.10,FAIL
2025-03-21T12:55:45Z,dave,10.0.0.9,OK
2025-03-21T12:55:48Z,bob,10.0.0.5,OK
2025-03-21T12:55:49Z,bob,10.0.0.7,OK
2025-03-21T12:55:58Z,bob,10.0.0.8,FAIL
2025-03-21T12:56:08Z,frank,10.0.0.2,OK
2025-03-21T12:56:18Z,frank,10.0.0.8,OK
2025-03-21T12:56:26Z,alice,10.0.0.1,OK
2025-03-21T12:56:36Z,frank,10.0.0.3,OK
2025-03-21T12:56:39Z,frank,10.0.0.5,OK
2025-03-21T12:56:46Z,alice,10.0.0.10,OK
2025-03-21T12:56:48Z,bob,10.0.0.1,OK
2025-03-21T12:56:57Z,alice,10.0.0.4,FAIL
2025-03-21T12:57:03Z,carol,10.0.0.9,OK
2025-03-21T12:57:13Z,frank,10.0.0.9,OK
2025-03-21T12:57:23Z,frank,10.0.0.7,OK
2025-03-21T12:57:33Z,carol,10.0.0.3,OK
2025-03-21T12:57:36Z,carol,10.0.0.5,FAIL
2025-03-21T12:57:44Z,eve,10.0.0.8,OK
2025-03-21T12:57:49Z,carol,10.0.0.9,FAIL
2025-03-21T12:57:58Z,carol,10.0.0.9,OK
2025-03-21T12:58:07Z,carol,10.0.0.8,FAIL
2025-03-21T12:58:15Z,dave,10.0.0.8,OK
2025-03-21T12:58:16Z,bob,10.0.0.2,FAIL
2025-03-21T12:58:20Z,dave,10.0.0.10,OK
2025-03-21T12:58:23Z,bob,10.0.0.5,FAIL
2025-03-21T12:58:30Z,carol,10.0.0.10,FAIL
2025-03-21T12:58:33Z,eve,10.0.0.3,OK
2025-03-21T12:58:35Z,alice,10.0.0.5,OK
2025-03-21T12:58:41Z,carol,10.0.0.7,OK
2025-03-21T12:58:48Z,dave,10.0.0.5,OK
2025-03-21T12:58:51Z,carol,10.0.0.1,FAIL
2025-03-21T12:58:59Z,carol,10.0.0.6,OK
2025-03-21T12:59:09Z,frank,10.0.0.6,FAIL
2025-03-21T12:59:14Z,carol,10.0.0.8,FAIL
2025-03-21T12:59:19Z,carol,10.0.0.1,OK
2025-03-21T12:59:23Z,dave,10.0.0.1,OK
2025-03-21T12:59:27Z,carol,10.0.0.10,FAIL
2025-03-21T12:59:28Z,dave,10.0.0.10,OK
2025-03-21T12:59:35Z,frank,10.0.0.2,OK
2025-03-21T12:59:44Z,eve,10.0.0.8,OK
2025-03-21T12:59:48Z,bob,10.0.0.1,FAIL
2025-03-21T12:59:49Z,carol,10.0.0.1,OK
2025-03-21T12:59:59Z,alice,10.0.0.7,OK
2025-03-21T13:00:02Z,alice,10.0.0.7,FAIL
2025-03-21T13:00:06Z,dave,10.0.0.9,OK
2025-03-21T13:00:10Z,eve,10.0.0.7,FAIL
2025-03-21T13:00:11Z,alice,10.0.0.4,FAIL
2025-03-21T13:00:19Z,alice,10.0.0.7,OK
2025-03-21T13:00:22Z,dave,10.0.0.10,FAIL
2025-03-21T13:00:23Z,frank,10.0.0.7,FAIL
2025-03-21T13:00:33Z,carol,10.0.0.9,OK
2025-03-21T13:00:38Z,carol,10.0.0.3,FAIL
2025-03-21T13:00:43Z,alice,10.0.0.1,OK
2025-03-21T13:00:53Z,bob,10.0.0.1,OK
2025-03-21T13:01:01Z,dave,10.0.0.9,OK
2025-03-21T13:01:08Z,carol,10.0.0.8,FAIL
2025-03-21T13:01:10Z,dave,10.0.0.10,FAIL
2025-03-21T13:01:20Z,eve,10.0.0.4,OK
2025-03-21T13:01:24Z,alice,10.0.0.9,FAIL
2025-03-21T13:01:28Z,alice,10.0.0.7,FAIL
2025-03-21T13:01:36Z,bob,10.0.0.1,OK
2025-03-21T13:01:40Z,alice,10.0.0.1,OK
2025-03-21T13:01:49Z,bob,10.0.0.4,OK
2025-03-21T13:01:54Z,dave,10.0.0.10,OK
2025-03-21T13:01:58Z,frank,10.0.0.4,FAIL
2025-03-21T13:02:02Z,bob,10.0.0.4,OK
2025-03-21T13:02:12Z,bob,10.0.0.1,OK
2025-03-21T13:02:16Z,alice,10.0.0.7,FAIL
2025-03-21T13:02:20Z,eve,10.0.0.10,FAIL
2025-03-21T13:02:26Z,alice,10.0.0.2,OK
2025-03-21T13:02:28Z,carol,10.0.0.6,FAIL
2025-03-21T13:02:36Z,frank,10.0.0.7,OK
2025-03-21T13:02:39Z,eve,10.0.0.1,FAIL
2025-03-21T13:02:43Z,bob,10.0.0.3,FAIL
2025-03-21T13:02:52Z,eve,10.0.0.2,FAIL
2025-03-21T13:02:56Z,carol,10.0.0.6,OK
2025-03-21T13:03:01Z,eve,10.0.0.4,OK
2025-03-21T13:03:09Z,dave,10.0.0.4,OK
2025-03-21T13:03:12Z,eve,10.0.0.9,OK
2025-03-21T13:03:13Z,eve,10.0.0.6,FAIL
2025-03-21T13:03:15Z,frank,10.0.0.9,FAIL
2025-03-21T13:03:23Z,frank,10.0.0.5,FAIL
2025-03-21T13:03:33Z,alice,10.0.0.5,OK
2025-03-21T13:03:34Z,bob,10.0.0.7,FAIL
2025-03-21T13:03:37Z,bob,10.0.0.1,OK
2025-03-21T13:03:44Z,bob,10.0.0.1,FAIL
2025-03-21T13:03:45Z,carol,10.0.0.10,FAIL
2025-03-21T13:03:49Z,eve,10.0.0.4,OK
2025-03-21T13:03:53Z,frank,10.0.0.1,OK
2025-03-21T13:04:01Z,dave,10.0.0.3,FAIL
2025-03-21T13:04:07Z,bob,10.0.0.5,OK
2025-03-21T13:04:08Z,alice,10.0.0.5,OK
2025-03-21T13:04:14Z,eve,10.0.0.5,OK
2025-03-21T13:04:18Z,bob,10.0.0.8,FAIL
2025-03-21T13:04:19Z,dave,10.0.0.8,FAIL
2025-03-21T13:04:20Z,eve,10.0.0.4,OK
2025-03-21T13:04:29Z,dave,10.0.0.10,OK
2025-03-21T13:04:33Z,dave,10.0.0.5,OK
2025-03-21T13:04:37Z,carol,10.0.0.10,OK
2025-03-21T13:04:43Z,dave,10.0.0.2,FAIL
2025-03-21T13:04:49Z,carol,10.0.0.10,OK
2025-03-21T13:04:57Z,bob,10.0.0.7,OK
2025-03-21T13:05:04Z,eve,10.0.0.2,FAIL
2025-03-21T13:05:12Z,eve,10.0.0.2,OK
2025-03-21T13:05:18Z,bob,10.0.0.5,OK
2025-03-21T13:05:21Z,frank,10.0.0.3,OK
2025-03-21T13:05:22Z,dave,10.0.0.4,FAIL
2025-03-21T13:05:32Z,eve,10.0.0.5,OK
2025-03-21T13:05:40Z,alice,10.0.0.6,OK
2025-03-21T13:05:50Z,eve,10.0.0.5,OK
2025-03-21T13:05:52Z,carol,10.0.0.1,OK
2025-03-21T13:06:02Z,bob,10.0.0.9,OK
2025-03-21T13:06:08Z,alice,10.0.0.7,OK
2025-03-21T13:06:18Z,carol,10.0.0.4,OK
2025-03-21T13:06:28Z,alice,10.0.0.1,OK
2025-03-21T13:06:38Z,dave,10.0.0.3,FAIL
2025-03-21T13:06:40Z,dave,10.0.0.10,FAIL
2025-03-21T13:06:48Z,eve,10.0.0.7,FAIL
2025-03-21T13:06:54Z,alice,10.0.0.5,OK
2025-03-21T13:07:00Z,bob,10.0.0.3,FAIL
2025-03-21T13:07:08Z,dave,10.0.0.5,OK
2025-03-21T13:07:09Z,bob,10.0.0.8,FAIL
2025-03-21T13:07:14Z,alice,10.0.0.8,OK
2025-03-21T13:07:22Z,alice,10.0.0.6,OK
2025-03-21T13:07:30Z,eve,10.0.0.1,OK
2025-03-21T13:07:38Z,eve,10.0.0.4,OK
2025-03-21T13:07:42Z,bob,10.0.0.6,OK
2025-03-21T13:07:44Z,alice,10.0.0.9,FAIL
2025-03-21T13:07:45Z,dave,10.0.0.1,FAIL
2025-03-21T13:07:46Z,carol,10.0.0.9,FAIL
2025-03-21T13:07:56Z,eve,10.0.0.2,OK
2025-03-21T13:07:59Z,eve,10.0.0.3,OK
2025-03-21T13:08:04Z,eve,10.0.0.1,OK
2025-03-21T13:08:06Z,bob,10.0.0.10,FAIL
2025-03-21T13:08:14Z,dave,10.0.0.4,OK
2025-03-21T13:08:23Z,frank,10.0.0.6,FAIL
2025-03-21T13:08:28Z,frank,10.0.0.2,FAIL
2025-03-21T13:08:29Z,eve,10.0.0.2,OK
2025-03-21T13:08:34Z,bob,10.0.0.1,OK
2025-03-21T13:08:44Z,dave,10.0.0.5,OK
2025-03-21T13:08:48Z,bob,10.0.0.7,OK
2025-03-21T13:08:55Z,eve,10.0.0.4,OK
2025-03-21T13:08:57Z,dave,10.0.0.4,OK
2025-03-21T13:09:02Z,alice,10.0.0.3,OK
2025-03-21T13:09:11Z,eve,10.0.0.4,FAIL
2025-03-21T13:09:14Z,eve,10.0.0.8,FAIL
2025-03-21T13:09:21Z,carol,10.0.0.2,OK
2025-03-21T13:09:29Z,carol,10.0.0.6,OK
2025-03-21T13:09:37Z,eve,10.0.0.10,OK
2025-03-21T13:09:47Z,frank,10.0.0.6,FAIL
2025-03-21T13:09:54Z,eve,10.0.0.5,FAIL
2025-03-21T13:09:59Z,dave,10.0.0.9,FAIL
2025-03-21T13:10:03Z,frank,10.0.0.10,FAIL
2025-03-21T13:10:11Z,frank,10.0.0.7,OK
2025-03-21T13:10:13Z,dave,10.0.0.3,FAIL
2025-03-21T13:10:14Z,eve,10.0.0.3,OK
2025-03-21T13:10:19Z,dave,10.0.0.10,FAIL
2025-03-21T13:10:20Z,bob,10.0.0.3,OK
2025-03-21T13:10:23Z,bob,10.0.0.2,OK
2025-03-21T13:10:31Z,dave,10.0.0.1,FAIL
2025-03-21T13:10:36Z,carol,10.0.0.2,OK
2025-03-21T13:10:37Z,bob,10.0.0.3,FAIL
2025-03-21T13:10:39Z,eve,10.0.0.8,FAIL
2025-03-21T13:10:42Z,dave,10.0.0.4,OK
2025-03-21T13:10:47Z,carol,10.0.0.7,OK
2025-03-21T13:10:57Z,dave,10.0.0.4,FAIL
2025-03-21T13:11:02Z,alice,10.0.0.1,OK
2025-03-21T13:11:04Z,eve,10.0.0.5,OK
2025-03-21T13:11:05Z,dave,10.0.0.4,FAIL
2025-03-21T13:11:06Z,bob,10.0.0.1,FAIL
2025-03-21T13:11:13Z,alice,10.0.0.3,FAIL
2025-03-21T13:11:17Z,alice,10.0.0.9,OK
2025-03-21T13:11:21Z,carol,10.0.0.1,OK
2025-03-21T13:11:28Z,frank,10.0.0.1,FAIL
2025-03-21T13:11:36Z,eve,10.0.0.5,FAIL
2025-03-21T13:11:42Z,eve,10.0.0.2,FAIL
2025-03-21T13:11:50Z,carol,10.0.0.10,FAIL
2025-03-21T13:11:51Z,eve,10.0.0.7,OK
2025-03-21T13:11:54Z,bob,10.0.0.1,FAIL
2025-03-21T13:12:00Z,bob,10.0.0.10,FAIL
2025-03-21T13:12:05Z,carol,10.0.0.4,OK
2025-03-21T13:12:08Z,bob,10.0.0.6,FAIL
2025-03-21T13:12:13Z,carol,10.0.0.10,OK
2025-03-21T13:12:16Z,eve,10.0.0.2,OK
2025-03-21T13:12:23Z,frank,10.0.0.3,OK
2025-03-21T13:12:26Z,eve,10.0.0.7,FAIL
2025-03-21T13:12:36Z,eve,10.0.0.7,OK
2025-03-21T13:12:43Z,carol,10.0.0.9,FAIL
2025-03-21T13:12:45Z,alice,10.0.0.1,OK
2025-03-21T13:12:49Z,bob,10.0.0.5,FAIL
2025-03-21T13:12:59Z,alice,10.0.0.8,OK
2025-03-21T13:13:03Z,dave,10.0.0.5,OK
2025-03-21T13:13:04Z,bob,10.0.0.7,OK
2025-03-21T13:13:07Z,eve,10.0.0.9,FAIL
2025-03-21T13:13:14Z,dave,10.0.0.4,FAIL
2025-03-21T13:13:22Z,bob,10.0.0.10,OK
2025-03-21T13:13:25Z,alice,10.0.0.6,FAIL
2025-03-21T13:13:33Z,alice,10.0.0.10,OK
2025-03-21T13:13:43Z,bob,10.0.0.1,OK
2025-03-21T13:13:52Z,frank,10.0.0.4,OK
2025-03-21T13:13:58Z,dave,10.0.0.1,FAIL
2025-03-21T13:14:04Z,eve,10.0.0.9,FAIL
2025-03-21T13:14:05Z,dave,10.0.0.3,FAIL
2025-03-21T13:14:08Z,eve,10.0.0.7,OK
2025-03-21T13:14:11Z,bob,10.0.0.4,OK
2025-03-21T13:14:17Z,bob,10.0.0.8,OK
2025-03-21T13:14:27Z,eve,10.0.0.6,FAIL
2025-03-21T13:14:37Z,eve,10.0.0.4,FAIL
2025-03-21T13:14:44Z,eve,10.0.0.5,FAIL
2025-03-21T13:14:46Z,frank,10.0.0.7,OK
2025-03-21T13:14:56Z,dave,10.0.0.4,FAIL
2025-03-21T13:15:06Z,carol,10.0.0.9,FAIL
2025-03-21T13:15:08Z,eve,10.0.0.1,FAIL
2025-03-21T13:15:11Z,frank,10.0.0.9,FAIL
2025-03-21T13:15:14Z,carol,10.0.0.9,OK
2025-03-21T13:15:16Z,dave,10.0.0.1,OK
2025-03-21T13:15:22Z,alice,10.0.0.5,FAIL
2025-03-21T13:15:28Z,dave,10.0.0.9,FAIL
2025-03-21T13:15:36Z,carol,10.0.0.6,OK
2025-03-21T13:15:41Z,alice,10.0.0.7,FAIL
2025-03-21T13:15:42Z,carol,10.0.0.8,OK
2025-03-21T13:15:44Z,alice,10.0.0.5,FAIL
2025-03-21T13:15:49Z,carol,10.0.0.1,FAIL
2025-03-21T13:15:56Z,eve,10.0.0.2,OK
2025-03-21T13:15:59Z,carol,10.0.0.10,FAIL
2025-03-21T13:16:05Z,carol,10.0.0.8,FAIL
2025-03-21T13:16:09Z,bob,10.0.0.3,OK
2025-03-21T13:16:11Z,carol,10.0.0.10,FAIL
2025-03-21T13:16:13Z,dave,10.0.0.7,FAIL
2025-03-21T13:16:18Z,alice,10.0.0.5,FAIL
2025-03-21T13:16:27Z,alice,10.0.0.3,FAIL
2025-03-21T13:16:31Z,alice,10.0.0.2,FAIL
2025-03-21T13:16:38Z,dave,10.0.0.10,FAIL
2025-03-21T13:16:39Z,alice,10.0.0.6,OK
2025-03-21T13:16:45Z,frank,10.0.0.1,FAIL
2025-03-21T13:16:49Z,carol,10.0.0.6,FAIL
2025-03-21T13:16:57Z,alice,10.0.0.9,FAIL
2025-03-21T13:16:58Z,bob,10.0.0.7,FAIL
2025-03-21T13:17:00Z,bob,10.0.0.10,FAIL
2025-03-21T13:17:08Z,dave,10.0.0.7,FAIL
2025-03-21T13:17:12Z,dave,10.0.0.7,FAIL
2025-03-21T13:17:21Z,dave,10.0.0.5,OK
2025-03-21T13:17:23Z,alice,10.0.0.6,OK
2025-03-21T13:17:29Z,alice,10.0.0.9,FAIL
2025-03-21T13:17:33Z,carol,10.0.0.8,FAIL
2025-03-21T13:17:35Z,alice,10.0.0.10,OK
2025-03-21T13:17:42Z,frank,10.0.0.9,OK
2025-03-21T13:17:46Z,dave,10.0.0.7,FAIL
2025-03-21T13:17:53Z,dave,10.0.0.3,FAIL
2025-03-21T13:17:55Z,alice,10.0.0.3,OK
2025-03-21T13:18:00Z,bob,10.0.0.7,OK
2025-03-21T13:18:03Z,eve,10.0.0.7,FAIL
2025-03-21T13:18:13Z,alice,10.0.0.1,FAIL
2025-03-21T13:18:22Z,bob,10.0.0.1,FAIL
2025-03-21T13:18:26Z,eve,10.0.0.10,FAIL
2025-03-21T13:18:28Z,bob,10.0.0.6,OK
2025-03-21T13:18:35Z,eve,10.0.0.10,OK
2025-03-21T13:18:37Z,alice,10.0.0.2,FAIL
2025-03-21T13:18:40Z,carol,10.0.0.7,OK
2025-03-21T13:18:50Z,eve,10.0.0.2,FAIL
2025-03-21T13:18:56Z,bob,10.0.0.1,OK
2025-03-21T13:19:00Z,dave,10.0.0.5,OK
2025-03-21T13:19:09Z,dave,10.0.0.10,FAIL
2025-03-21T13:19:15Z,dave,10.0.0.10,FAIL
2025-03-21T13:19:16Z,eve,10.0.0.1,OK
2025-03-21T13:19:23Z,carol,10.0.0.7,FAIL
2025-03-21T13:19:33Z,frank,10.0.0.1,FAIL
2025-03-21T13:19:41Z,bob,10.0.0.5,FAIL
2025-03-21T13:19:51Z,dave,10.0.0.2,OK
2025-03-21T13:19:52Z,eve,10.0.0.10,FAIL
2025-03-21T13:19:57Z,frank,10.0.0.8,FAIL
2025-03-21T13:19:58Z,bob,10.0.0.1,FAIL
2025-03-21T13:20:03Z,eve,10.0.0.5,FAIL
2025-03-21T13:20:13Z,frank,10.0.0.4,OK
2025-03-21T13:20:23Z,dave,10.0.0.6,OK
2025-03-21T13:20:31Z,eve,10.0.0.7,FAIL
2025-03-21T13:20:36Z,frank,10.0.0.4,FAIL
2025-03-21T13:20:37Z,carol,10.0.0.1,OK
2025-03-21T13:20:42Z,eve,10.0.0.3,FAIL
2025-03-21T13:20:47Z,eve,10.0.0.7,OK
2025-03-21T13:20:57Z,carol,10.0.0.7,OK
2025-03-21T13:21:03Z,dave,10.0.0.1,FAIL
2025-03-21T13:21:08Z,alice,10.0.0.6,OK
2025-03-21T13:21:13Z,carol,10.0.0.6,OK
2025-03-21T13:21:15Z,bob,10.0.0.1,OK
2025-03-21T13:21:23Z,eve,10.0.0.9,FAIL
2025-03-21T13:21:29Z,frank,10.0.0.3,FAIL
2025-03-21T13:21:37Z,eve,10.0.0.7,FAIL
2025-03-21T13:21:46Z,frank,10.0.0.5,OK
2025-03-21T13:21:50Z,carol,10.0.0.7,OK
2025-03-21T13:21:51Z,carol,10.0.0.3,OK
2025-03-21T13:21:54Z,eve,10.0.0.10,FAIL
2025-03-21T13:22:02Z,bob,10.0.0.10,OK
2025-03-21T13:22:08Z,dave,10.0.0.4,OK
2025-03-21T13:22:09Z,alice,10.0.0.10,OK
2025-03-21T13:22:13Z,dave,10.0.0.8,FAIL
2025-03-21T13:22:22Z,bob,10.0.0.7,OK
2025-03-21T13:22:23Z,dave,10.0.0.3,OK
2025-03-21T13:22:25Z,alice,10.0.0.3,OK
2025-03-21T13:22:26Z,alice,10.0.0.4,FAIL
2025-03-21T13:22:29Z,eve,10.0.0.8,OK
2025-03-21T13:22:34Z,alice,10.0.0.8,OK
2025-03-21T13:22:35Z,eve,10.0.0.7,FAIL
2025-03-21T13:22:43Z,dave,10.0.0.7,OK
2025-03-21T13:22:44Z,frank,10.0.0.1,OK
2025-03-21T13:22:50Z,bob,10.0.0.2,FAIL
2025-03-21T13:22:55Z,frank,10.0.0.2,FAIL
2025-03-21T13:22:58Z,eve,10.0.0.10,FAIL
2025-03-21T13:23:07Z,alice,10.0.0.4,OK
2025-03-21T13:23:11Z,frank,10.0.0.3,FAIL
2025-03-21T13:23:17Z,alice,10.0.0.9,OK
2025-03-21T13:23:18Z,alice,10.0.0.1,FAIL
2025-03-21T13:23:21Z,eve,10.0.0.6,OK
2025-03-21T13:23:29Z,alice,10.0.0.3,FAIL
2025-03-21T13:23:36Z,eve,10.0.0.10,FAIL
2025-03-21T13:23:41Z,eve,10.0.0.3,OK
2025-03-21T13:23:47Z,dave,10.0.0.7,OK
2025-03-21T13:23:56Z,dave,10.0.0.9,FAIL
2025-03-21T13:24:00Z,frank,10.0.0.10,FAIL
2025-03-21T13:24:06Z,frank,10.0.0.6,OK
2025-03-21T13:24:13Z,bob,10.0.0.4,OK
2025-03-21T13:24:14Z,alice,10.0.0.1,OK
2025-03-21T13:24:18Z,bob,10.0.0.5,FAIL
2025-03-21T13:24:24Z,carol,10.0.0.5,FAIL
2025-03-21T13:24:33Z,carol,10.0.0.3,FAIL
2025-03-21T13:24:39Z,alice,10.0.0.1,OK
2025-03-21T13:24:43Z,eve,10.0.0.3,FAIL
2025-03-21T13:24:46Z,bob,10.0.0.6,OK
2025-03-21T13:24:53Z,eve,10.0.0.6,FAIL
2025-03-21T13:24:55Z,carol,10.0.0.8,FAIL
2025-03-21T13:24:56Z,eve,10.0.0.10,FAIL
2025-03-21T13:25:03Z,frank,10.0.0.1,OK
2025-03-21T13:25:06Z,alice,10.0.0.9,FAIL
2025-03-21T13:25:12Z,alice,10.0.0.7,FAIL
2025-03-21T13:25:14Z,bob,10.0.0.4,FAIL
2025-03-21T13:25:15Z,bob,10.0.0.9,FAIL
2025-03-21T13:25:20Z,alice,10.0.0.5,OK
2025-03-21T13:25:22Z,frank,10.0.0.2,OK
2025-03-21T13:25:28Z,dave,10.0.0.2,OK
2025-03-21T13:25:29Z,bob,10.0.0.6,FAIL
2025-03-21T13:25:35Z,frank,10.0.0.8,OK
2025-03-21T13:25:44Z,carol,10.0.0.3,FAIL
2025-03-21T13:25:46Z,carol,10.0.0.3,OK
2025-03-21T13:25:55Z,bob,10.0.0.8,FAIL
2025-03-21T13:25:56Z,frank,10.0.0.7,OK
2025-03-21T13:25:59Z,bob,10.0.0.2,FAIL
2025-03-21T13:26:07Z,eve,10.0.0.3,FAIL
2025-03-21T13:26:09Z,frank,10.0.0.9,FAIL
2025-03-21T13:26:12Z,dave,10.0.0.9,FAIL
2025-03-21T13:26:17Z,bob,10.0.0.6,FAIL
2025-03-21T13:26:22Z,dave,10.0.0.2,OK
2025-03-21T13:26:29Z,dave,10.0.0.9,OK
2025-03-21T13:26:35Z,frank,10.0.0.4,OK
2025-03-21T13:26:38Z,carol,10.0.0.8,OK
2025-03-21T13:26:47Z,carol,10.0.0.4,FAIL
2025-03-21T13:26:55Z,carol,10.0.0.6,OK
2025-03-21T13:27:03Z,carol,10.0.0.6,FAIL
2025-03-21T13:27:09Z,bob,10.0.0.3,OK
2025-03-21T13:27:14Z,carol,10.0.0.9,OK
2025-03-21T13:27:20Z,bob,10.0.0.1,FAIL
2025-03-21T13:27:30Z,frank,10.0.0.2,OK
2025-03-21T13:27:40Z,eve,10.0.0.1,FAIL
2025-03-21T13:27:43Z,carol,10.0.0.10,FAIL
2025-03-21T13:27:53Z,dave,10.0.0.6,OK
2025-03-21T13:27:55Z,alice,10.0.0.7,OK
2025-03-21T13:28:03Z,alice,10.0.0.9,FAIL
2025-03-21T13:28:06Z,bob,10.0.0.6,OK
2025-03-21T13:28:14Z,bob,10.0.0.3,FAIL
2025-03-21T13:28:24Z,eve,10.0.0.4,OK
2025-03-21T13:28:32Z,alice,10.0.0.10,OK
2025-03-21T13:28:37Z,alice,10.0.0.3,FAIL
2025-03-21T13:28:42Z,dave,10.0.0.7,OK
2025-03-21T13:28:46Z,alice,10.0.0.3,OK
2025-03-21T13:28:56Z,dave,10.0.0.10,FAIL
2025-03-21T13:29:06Z,carol,10.0.0.1,OK
2025-03-21T13:29:07Z,bob,10.0.0.2,FAIL
2025-03-21T13:29:17Z,bob,10.0.0.1,FAIL
2025-03-21T13:29:26Z,frank,10.0.0.7,OK
2025-03-21T13:29:30Z,bob,10.0.0.6,OK
2025-03-21T13:29:33Z,eve,10.0.0.5,FAIL
2025-03-21T13:29:38Z,dave,10.0.0.10,FAIL
2025-03-21T13:29:43Z,bob,10.0.0.9,OK
2025-03-21T13:29:52Z,dave,10.0.0.1,FAIL
2025-03-21T13:30:01Z,eve,10.0.0.1,OK
2025-03-21T13:30:10Z,alice,10.0.0.5,OK
2025-03-21T13:30:14Z,alice,10.0.0.2,OK
2025-03-21T13:30:18Z,eve,10.0.0.1,FAIL
2025-03-21T13:30:26Z,carol,10.0.0.8,OK
2025-03-21T13:30:36Z,carol,10.0.0.4,OK
2025-03-21T13:30:45Z,alice,10.0.0.4,OK
2025-03-21T13:30:55Z,frank,10.0.0.4,FAIL
2025-03-21T13:30:56Z,alice,10.0.0.10,OK
2025-03-21T13:31:02Z,eve,10.0.0.6,OK
2025-03-21T13:31:06Z,eve,10.0.0.8,FAIL
2025-03-21T13:31:12Z,frank,10.0.0.4,FAIL
2025-03-21T13:31:22Z,dave,10.0.0.6,FAIL
2025-03-21T13:31:30Z,bob,10.0.0.3,FAIL
2025-03-21T13:31:33Z,frank,10.0.0.9,FAIL
2025-03-21T13:31:42Z,bob,10.0.0.7,OK
2025-03-21T13:31:50Z,frank,10.0.0.10,FAIL
2025-03-21T13:31:54Z,carol,10.0.0.7,FAIL
2025-03-21T13:32:00Z,frank,10.0.0.7,OK
2025-03-21T13:32:06Z,dave,10.0.0.7,OK
2025-03-21T13:32:09Z,eve,10.0.0.1,FAIL
2025-03-21T13:32:11Z,carol,10.0.0.9,FAIL
2025-03-21T13:32:12Z,eve,10.0.0.1,OK
2025-03-21T13:32:18Z,carol,10.0.0.4,OK
2025-03-21T13:32:26Z,dave,10.0.0.10,FAIL
2025-03-21T13:32:27Z,carol,10.0.0.9,FAIL
2025-03-21T13:32:33Z,alice,10.0.0.2,OK
2025-03-21T13:32:42Z,eve,10.0.0.3,FAIL
2025-03-21T13:32:48Z,carol,10.0.0.7,OK
2025-03-21T13:32:51Z,dave,10.0.0.4,OK
2025-03-21T13:32:55Z,carol,10.0.0.3,FAIL
2025-03-21T13:33:04Z,alice,10.0.0.2,FAIL
2025-03-21T13:33:07Z,carol,10.0.0.5,OK
2025-03-21T13:33:17Z,bob,10.0.0.2,OK
2025-03-21T13:33:27Z,frank,10.0.0.6,FAIL
2025-03-21T13:33:34Z,bob,10.0.0.9,OK
2025-03-21T13:33:38Z,eve,10.0.0.1,OK
2025-03-21T13:33:43Z,alice,10.0.0.9,OK
2025-03-21T13:33:51Z,dave,10.0.0.4,FAIL
2025-03-21T13:33:59Z,eve,10.0.0.7,OK
2025-03-21T13:34:05Z,alice,10.0.0.2,OK
2025-03-21T13:34:11Z,eve,10.0.0.10,FAIL
2025-03-21T13:34:13Z,bob,10.0.0.4,FAIL
2025-03-21T13:34:14Z,frank,10.0.0.7,FAIL
2025-03-21T13:34:19Z,frank,10.0.0.5,FAIL
2025-03-21T13:34:22Z,carol,10.0.0.2,FAIL
2025-03-21T13:34:24Z,alice,10.0.0.2,OK
2025-03-21T13:34:33Z,bob,10.0.0.4,FAIL
2025-03-21T13:34:36Z,alice,10.0.0.1,OK
2025-03-21T13:34:40Z,dave,10.0.0.10,FAIL
2025-03-21T13:34:47Z,frank,10.0.0.6,OK
2025-03-21T13:34:52Z,bob,10.0.0.8,FAIL
2025-03-21T13:34:59Z,alice,10.0.0.2,OK
2025-03-21T13:35:00Z,bob,10.0.0.4,FAIL
2025-03-21T13:35:07Z,eve,10.0.0.7,FAIL
2025-03-21T13:35:16Z,alice,10.0.0.6,OK
2025-03-21T13:35:18Z,alice,10.0.0.8,OK
2025-03-21T13:35:21Z,frank,10.0.0.8,FAIL
2025-03-21T13:35:24Z,dave,10.0.0.9,FAIL
2025-03-21T13:35:34Z,frank,10.0.0.3,OK
2025-03-21T13:35:42Z,dave,10.0.0.1,FAIL
2025-03-21T13:35:47Z,eve,10.0.0.7,OK
2025-03-21T13:35:57Z,alice,10.0.0.10,FAIL
2025-03-21T13:35:59Z,dave,10.0.0.7,OK
2025-03-21T13:36:03Z,eve,10.0.0.10,FAIL
2025-03-21T13:36:10Z,carol,10.0.0.9,OK
2025-03-21T13:36:14Z,frank,10.0.0.4,FAIL
2025-03-21T13:36:22Z,carol,10.0.0.1,FAIL
2025-03-21T13:36:31Z,carol,10.0.0.7,OK
2025-03-21T13:36:37Z,bob,10.0.0.5,FAIL
2025-03-21T13:36:41Z,bob,10.0.0.8,FAIL
2025-03-21T13:36:45Z,bob,10.0.0.1,OK
2025-03-21T13:36:54Z,carol,10.0.0.2,OK
2025-03-21T13:36:58Z,dave,10.0.0.1,FAIL
2025-03-21T13:37:03Z,eve,10.0.0.2,OK
2025-03-21T13:37:10Z,dave,10.0.0.7,FAIL
2025-03-21T13:37:13Z,bob,10.0.0.6,OK
2025-03-21T13:37:23Z,frank,10.0.0.8,OK
2025-03-21T13:37:27Z,eve,10.0.0.7,OK
2025-03-21T13:37:29Z,alice,10.0.0.5,FAIL
2025-03-21T13:37:36Z,alice,10.0.0.3,FAIL
2025-03-21T13:37:43Z,dave,10.0.0.9,FAIL
2025-03-21T13:37:48Z,carol,10.0.0.5,FAIL
2025-03-21T13:37:54Z,bob,10.0.0.4,OK
2025-03-21T13:38:02Z,eve,10.0.0.10,FAIL
2025-03-21T13:38:09Z,carol,10.0.0.4,FAIL
2025-03-21T13:38:13Z,eve,10.0.0.5,OK
2025-03-21T13:38:15Z,carol,10.0.0.3,FAIL
2025-03-21T13:38:23Z,eve,10.0.0.10,OK
2025-03-21T13:38:31Z,carol,10.0.0.8,OK
2025-03-21T13:38:41Z,bob,10.0.0.5,OK
2025-03-21T13:38:48Z,carol,10.0.0.8,FAIL
2025-03-21T13:38:56Z,alice,10.0.0.10,OK
2025-03-21T13:39:03Z,alice,10.0.0.3,OK
2025-03-21T13:39:09Z,carol,10.0.0.5,OK
2025-03-21T13:39:17Z,frank,10.0.0.6,FAIL
2025-03-21T13:39:23Z,alice,10.0.0.6,FAIL
2025-03-21T13:39:28Z,carol,10.0.0.10,FAIL
2025-03-21T13:39:29Z,eve,10.0.0.9,FAIL
2025-03-21T13:39:34Z,carol,10.0.0.2,FAIL
2025-03-21T13:39:42Z,eve,10.0.0.7,OK
2025-03-21T13:39:44Z,eve,10.0.0.6,OK
2025-03-21T13:39:48Z,carol,10.0.0.3,OK
2025-03-21T13:39:58Z,bob,10.0.0.6,OK
2025-03-21T13:40:05Z,eve,10.0.0.3,OK
2025-03-21T13:40:15Z,frank,10.0.0.7,FAIL
2025-03-21T13:40:25Z,dave,10.0.0.1,OK
2025-03-21T13:40:33Z,carol,10.0.0.3,OK
2025-03-21T13:40:39Z,carol,10.0.0.6,OK
2025-03-21T13:40:46Z,alice,10.0.0.4,OK
2025-03-21T13:40:47Z,dave,10.0.0.4,FAIL
2025-03-21T13:40:49Z,eve,10.0.0.8,OK
2025-03-21T13:40:59Z,dave,10.0.0.9,FAIL
2025-03-21T13:41:08Z,dave,10.0.0.9,FAIL
2025-03-21T13:41:18Z,alice,10.0.0.2,FAIL
2025-03-21T13:41:28Z,alice,10.0.0.2,FAIL
2025-03-21T13:41:34Z,dave,10.0.0.10,OK
2025-03-21T13:41:38Z,alice,10.0.0.7,FAIL
2025-03-21T13:41:39Z,alice,10.0.0.1,OK
2025-03-21T13:41:42Z,bob,10.0.0.5,FAIL
2025-03-21T13:41:51Z,carol,10.0.0.4,OK
2025-03-21T13:41:52Z,carol,10.0.0.10,OK
2025-03-21T13:41:53Z,carol,10.0.0.3,OK
2025-03-21T13:42:00Z,carol,10.0.0.3,FAIL
2025-03-21T13:42:04Z,frank,10.0.0.8,OK
2025-03-21T13:42:05Z,carol,10.0.0.1,OK
2025-03-21T13:42:09Z,bob,10.0.0.8,OK
2025-03-21T13:42:13Z,alice,10.0.0.1,OK
2025-03-21T13:42:21Z,alice,10.0.0.6,FAIL
2025-03-21T13:42:24Z,dave,10.0.0.2,FAIL
2025-03-21T13:42:33Z,frank,10.0.0.9,FAIL
2025-03-21T13:42:38Z,carol,10.0.0.9,OK
2025-03-21T13:42:39Z,alice,10.0.0.4,OK
2025-03-21T13:42:41Z,alice,10.0.0.1,OK
2025-03-21T13:42:46Z,dave,10.0.0.7,FAIL
2025-03-21T13:42:55Z,alice,10.0.0.10,FAIL
2025-03-21T13:43:02Z,dave,10.0.0.5,OK
2025-03-21T13:43:05Z,dave,10.0.0.2,OK
2025-03-21T13:43:14Z,dave,10.0.0.7,FAIL
2025-03-21T13:43:20Z,frank,10.0.0.8,FAIL
2025-03-21T13:43:30Z,carol,10.0.0.3,OK
2025-03-21T13:43:33Z,eve,10.0.0.1,OK
2025-03-21T13:43:42Z,dave,10.0.0.3,FAIL
2025-03-21T13:43:51Z,frank,10.0.0.8,OK
2025-03-21T13:44:01Z,bob,10.0.0.10,FAIL
2025-03-21T13:44:11Z,bob,10.0.0.8,OK
2025-03-21T13:44:14Z,alice,10.0.0.2,OK
2025-03-21T13:44:15Z,carol,10.0.0.6,FAIL
2025-03-21T13:44:21Z,alice,10.0.0.10,FAIL
2025-03-21T13:44:30Z,dave,10.0.0.7,FAIL
2025-03-21T13:44:36Z,dave,10.0.0.4,FAIL
2025-03-21T13:44:40Z,bob,10.0.0.8,FAIL
2025-03-21T13:44:43Z,eve,10.0.0.6,FAIL
2025-03-21T13:44:45Z,carol,10.0.0.6,FAIL
2025-03-21T13:44:48Z,alice,10.0.0.7,FAIL
2025-03-21T13:44:57Z,dave,10.0.0.9,FAIL
2025-03-21T13:44:58Z,bob,10.0.0.7,OK
2025-03-21T13:45:06Z,bob,10.0.0.9,OK
2025-03-21T13:45:16Z,dave,10.0.0.9,FAIL
2025-03-21T13:45:25Z,dave,10.0.0.3,FAIL
2025-03-21T13:45:33Z,frank,10.0.0.5,FAIL
2025-03-21T13:45:38Z,alice,10.0.0.3,OK
2025-03-21T13:45:46Z,bob,10.0.0.1,OK
2025-03-21T13:45:48Z,bob,10.0.0.1,OK
2025-03-21T13:45:56Z,frank,10.0.0.9,OK
2025-03-21T13:46:00Z,dave,10.0.0.2,FAIL
2025-03-21T13:46:05Z,eve,10.0.0.5,FAIL
2025-03-21T13:46:06Z,dave,10.0.0.8,FAIL
2025-03-21T13:46:07Z,carol,10.0.0.6,OK
2025-03-21T13:46:15Z,bob,10.0.0.3,OK
2025-03-21T13:46:18Z,alice,10.0.0.9,OK
2025-03-21T13:46:28Z,alice,10.0.0.4,FAIL
2025-03-21T13:46:30Z,bob,10.0.0.6,FAIL
2025-03-21T13:46:33Z,dave,10.0.0.1,OK
2025-03-21T13:46:42Z,bob,10.0.0.10,FAIL
2025-03-21T13:46:51Z,dave,10.0.0.3,OK
2025-03-21T13:46:56Z,alice,10.0.0.5,OK
2025-03-21T13:46:59Z,carol,10.0.0.7,OK
2025-03-21T13:47:02Z,dave,10.0.0.5,OK
2025-03-21T13:47:03Z,dave,10.0.0.9,FAIL
2025-03-21T13:47:07Z,bob,10.0.0.5,OK
2025-03-21T13:47:12Z,bob,10.0.0.6,OK
2025-03-21T13:47:20Z,bob,10.0.0.2,OK
2025-03-21T13:47:22Z,dave,10.0.0.10,OK
2025-03-21T13:47:27Z,frank,10.0.0.4,OK
2025-03-21T13:47:28Z,frank,10.0.0.5,OK
2025-03-21T13:47:29Z,dave,10.0.0.10,FAIL
2025-03-21T13:47:32Z,alice,10.0.0.4,FAIL
2025-03-21T13:47:35Z,frank,10.0.0.5,FAIL
2025-03-21T13:47:40Z,frank,10.0.0.3,FAIL
2025-03-21T13:47:44Z,frank,10.0.0.3,OK
2025-03-21T13:47:47Z,bob,10.0.0.1,OK
2025-03-21T13:47:48Z,alice,10.0.0.6,OK
2025-03-21T13:47:57Z,carol,10.0.0.4,FAIL
2025-03-21T13:47:58Z,dave,10.0.0.7,OK
2025-03-21T13:48:05Z,dave,10.0.0.4,OK
2025-03-21T13:48:07Z,frank,10.0.0.6,FAIL
2025-03-21T13:48:15Z,eve,10.0.0.9,OK
2025-03-21T13:48:23Z,bob,10.0.0.8,OK
2025-03-21T13:48:31Z,alice,10.0.0.2,OK
2025-03-21T13:48:41Z,dave,10.0.0.8,FAIL
2025-03-21T13:48:46Z,frank,10.0.0.2,OK
2025-03-21T13:48:49Z,frank,10.0.0.7,OK
2025-03-21T13:48:55Z,bob,10.0.0.10,OK
2025-03-21T13:49:02Z,bob,10.0.0.5,FAIL
2025-03-21T13:49:06Z,alice,10.0.0.1,FAIL
2025-03-21T13:49:12Z,carol,10.0.0.10,OK
2025-03-21T13:49:17Z,dave,10.0.0.5,FAIL
2025-03-21T13:49:20Z,alice,10.0.0.3,OK
2025-03-21T13:49:30Z,alice,10.0.0.8,FAIL
2025-03-21T13:49:38Z,eve,10.0.0.1,OK
2025-03-21T13:49:47Z,frank,10.0.0.5,OK
2025-03-21T13:49:50Z,dave,10.0.0.7,OK
2025-03-21T13:49:53Z,frank,10.0.0.3,FAIL
2025-03-21T13:50:00Z,carol,10.0.0.2,OK
2025-03-21T13:50:02Z,alice,10.0.0.3,FAIL
2025-03-21T13:50:07Z,dave,10.0.0.5,FAIL
2025-03-21T13:50:15Z,carol,10.0.0.6,FAIL
2025-03-21T13:50:16Z,carol,10.0.0.10,FAIL
2025-03-21T13:50:18Z,dave,10.0.0.9,FAIL
2025-03-21T13:50:20Z,bob,10.0.0.9,OK
2025-03-21T13:50:27Z,alice,10.0.0.9,FAIL
2025-03-21T13:50:31Z,bob,10.0.0.5,FAIL
2025-03-21T13:50:38Z,bob,10.0.0.10,OK
2025-03-21T13:50:40Z,frank,10.0.0.2,OK
2025-03-21T13:50:41Z,bob,10.0.0.9,FAIL
2025-03-21T13:50:46Z,dave,10.0.0.6,FAIL
2025-03-21T13:50:49Z,eve,10.0.0.8,OK
2025-03-21T13:50:55Z,carol,10.0.0.4,OK
2025-03-21T13:51:02Z,dave,10.0.0.3,OK
2025-03-21T13:51:10Z,eve,10.0.0.7,FAIL
2025-03-21T13:51:12Z,frank,10.0.0.7,OK
2025-03-21T13:51:16Z,frank,10.0.0.8,FAIL
2025-03-21T13:51:24Z,dave,10.0.0.9,OK
2025-03-21T13:51:29Z,eve,10.0.0.6,FAIL
2025-03-21T13:51:31Z,bob,10.0.0.4,OK
2025-03-21T13:51:35Z,carol,10.0.0.7,OK
2025-03-21T13:51:45Z,bob,10.0.0.7,OK
2025-03-21T13:51:51Z,eve,10.0.0.5,OK
2025-03-21T13:51:55Z,eve,10.0.0.10,OK
2025-03-21T13:52:05Z,bob,10.0.0.7,FAIL
2025-03-21T13:52:15Z,bob,10.0.0.2,FAIL
2025-03-21T13:52:21Z,eve,10.0.0.4,FAIL
2025-03-21T13:52:31Z,frank,10.0.0.10,OK
2025-03-21T13:52:34Z,dave,10.0.0.8,OK
2025-03-21T13:52:36Z,carol,10.0.0.7,FAIL
2025-03-21T13:52:37Z,alice,10.0.0.5,FAIL
2025-03-21T13:52:43Z,frank,10.0.0.6,OK
2025-03-21T13:52:48Z,alice,10.0.0.10,OK
2025-03-21T13:52:57Z,eve,10.0.0.3,OK
2025-03-21T13:53:01Z,dave,10.0.0.5,OK
2025-03-21T13:53:02Z,eve,10.0.0.6,FAIL
2025-03-21T13:53:07Z,bob,10.0.0.6,FAIL
2025-03-21T13:53:08Z,alice,10.0.0.8,FAIL
2025-03-21T13:53:16Z,frank,10.0.0.10,FAIL
2025-03-21T13:53:17Z,eve,10.0.0.2,OK
2025-03-21T13:53:26Z,carol,10.0.0.4,FAIL
2025-03-21T13:53:33Z,frank,10.0.0.10,FAIL
2025-03-21T13:53:40Z,alice,10.0.0.4,OK
2025-03-21T13:53:44Z,carol,10.0.0.4,OK
2025-03-21T13:53:51Z,dave,10.0.0.2,OK
2025-03-21T13:53:59Z,alice,10.0.0.8,OK
2025-03-21T13:54:00Z,dave,10.0.0.1,FAIL
2025-03-21T13:54:05Z,carol,10.0.0.10,OK
2025-03-21T13:54:14Z,carol,10.0.0.3,OK
2025-03-21T13:54:16Z,alice,10.0.0.1,OK
2025-03-21T13:54:21Z,frank,10.0.0.4,FAIL
2025-03-21T13:54:24Z,dave,10.0.0.4,OK
2025-03-21T13:54:28Z,frank,10.0.0.3,OK
2025-03-21T13:54:33Z,bob,10.0.0.10,FAIL
2025-03-21T13:54:37Z,dave,10.0.0.1,FAIL
2025-03-21T13:54:44Z,carol,10.0.0.5,OK
2025-03-21T13:54:53Z,eve,10.0.0.10,FAIL
2025-03-21T13:55:03Z,bob,10.0.0.4,FAIL
2025-03-21T13:55:12Z,frank,10.0.0.9,FAIL
2025-03-21T13:55:13Z,frank,10.0.0.3,FAIL
2025-03-21T13:55:21Z,alice,10.0.0.9,FAIL
2025-03-21T13:55:31Z,eve,10.0.0.7,FAIL
2025-03-21T13:55:36Z,alice,10.0.0.10,OK
2025-03-21T13:55:39Z,dave,10.0.0.4,OK
2025-03-21T13:55:49Z,alice,10.0.0.8,FAIL
2025-03-21T13:55:54Z,carol,10.0.0.5,OK
2025-03-21T13:56:01Z,alice,10.0.0.4,OK
2025-03-21T13:56:03Z,bob,10.0.0.3,FAIL
2025-03-21T13:56:04Z,alice,10.0.0.4,FAIL
2025-03-21T13:56:12Z,alice,10.0.0.5,FAIL
2025-03-21T13:56:15Z,frank,10.0.0.8,OK
2025-03-21T13:56:18Z,bob,10.0.0.9,OK
2025-03-21T13:56:26Z,carol,10.0.0.10,OK
2025-03-21T13:56:31Z,frank,10.0.0.1,FAIL
2025-03-21T13:56:37Z,eve,10.0.0.8,FAIL
2025-03-21T13:56:38Z,alice,10.0.0.4,FAIL
2025-03-21T13:56:46Z,eve,10.0.0.1,OK
2025-03-21T13:56:50Z,bob,10.0.0.8,FAIL
2025-03-21T13:56:57Z,frank,10.0.0.7,OK
2025-03-21T13:57:04Z,carol,10.0.0.9,OK
2025-03-21T13:57:07Z,carol,10.0.0.2,OK
2025-03-21T13:57:08Z,eve,10.0.0.1,OK
2025-03-21T13:57:16Z,bob,10.0.0.10,FAIL
2025-03-21T13:57:25Z,eve,10.0.0.5,FAIL
2025-03-21T13:57:30Z,dave,10.0.0.10,FAIL
2025-03-21T13:57:38Z,dave,10.0.0.6,OK
2025-03-21T13:57:46Z,carol,10.0.0.10,OK
2025-03-21T13:57:55Z,eve,10.0.0.10,OK
2025-03-21T13:58:05Z,alice,10.0.0.3,FAIL
2025-03-21T13:58:08Z,carol,10.0.0.7,OK
2025-03-21T13:58:13Z,bob,10.0.0.3,FAIL
2025-03-21T13:58:20Z,carol,10.0.0.1,FAIL
2025-03-21T13:58:27Z,bob,10.0.0.7,FAIL
2025-03-21T13:58:28Z,dave,10.0.0.9,OK
2025-03-21T13:58:34Z,dave,10.0.0.6,OK
2025-03-21T13:58:39Z,dave,10.0.0.2,FAIL
2025-03-21T13:58:43Z,carol,10.0.0.6,FAIL
2025-03-21T13:58:53Z,carol,10.0.0.3,FAIL
2025-03-21T13:58:55Z,eve,10.0.0.9,OK
2025-03-21T13:59:05Z,frank,10.0.0.6,FAIL
2025-03-21T13:59:13Z,frank,10.0.0.8,FAIL
2025-03-21T13:59:15Z,eve,10.0.0.7,OK
2025-03-21T13:59:25Z,frank,10.0.0.7,FAIL
2025-03-21T13:59:27Z,alice,10.0.0.10,FAIL
2025-03-21T13:59:37Z,carol,10.0.0.9,OK
2025-03-21T13:59:46Z,dave,10.0.0.6,OK
2025-03-21T13:59:51Z,eve,10.0.0.4,OK
2025-03-21T13:59:53Z,frank,10.0.0.5,OK
2025-03-21T13:59:54Z,carol,10.0.0.5,FAIL
2025-03-21T13:59:55Z,dave,10.0.0.10,FAIL
2025-03-21T14:00:03Z,eve,10.0.0.6,FAIL
2025-03-21T14:00:06Z,carol,10.0.0.4,FAIL
2025-03-21T14:00:12Z,dave,10.0.0.5,FAIL
2025-03-21T14:00:18Z,dave,10.0.0.10,OK
2025-03-21T14:00:27Z,frank,10.0.0.10,FAIL
2025-03-21T14:00:31Z,frank,10.0.0.1,OK
2025-03-21T14:00:40Z,dave,10.0.0.7,FAIL
2025-03-21T14:00:49Z,alice,10.0.0.7,OK
2025-03-21T14:00:58Z,bob,10.0.0.2,OK
2025-03-21T14:01:08Z,frank,10.0.0.1,OK
2025-03-21T14:01:16Z,dave,10.0.0.6,OK
2025-03-21T14:01:19Z,bob,10.0.0.1,OK
2025-03-21T14:01:27Z,dave,10.0.0.3,OK
2025-03-21T14:01:28Z,bob,10.0.0.1,OK
2025-03-21T14:01:34Z,dave,10.0.0.1,FAIL
2025-03-21T14:01:38Z,eve,10.0.0.1,OK
2025-03-21T14:01:40Z,carol,10.0.0.10,FAIL
2025-03-21T14:01:42Z,alice,10.0.0.10,OK
2025-03-21T14:01:47Z,bob,10.0.0.3,FAIL
2025-03-21T14:01:53Z,eve,10.0.0.2,OK
2025-03-21T14:01:57Z,dave,10.0.0.8,FAIL
2025-03-21T14:02:06Z,bob,10.0.0.1,FAIL
2025-03-21T14:02:09Z,dave,10.0.0.4,FAIL
2025-03-21T14:02:11Z,bob,10.0.0.9,OK
2025-03-21T14:02:15Z,frank,10.0.0.5,FAIL
2025-03-21T14:02:16Z,carol,10.0.0.1,OK
2025-03-21T14:02:22Z,alice,10.0.0.2,FAIL
2025-03-21T14:02:24Z,bob,10.0.0.3,OK
2025-03-21T14:02:30Z,alice,10.0.0.1,OK
2025-03-21T14:02:33Z,eve,10.0.0.9,OK
2025-03-21T14:02:35Z,frank,10.0.0.2,OK
2025-03-21T14:02:38Z,bob,10.0.0.6,FAIL
2025-03-21T14:02:42Z,bob,10.0.0.8,OK
2025-03-21T14:02:47Z,bob,10.0.0.4,OK
2025-03-21T14:02:54Z,frank,10.0.0.1,FAIL
2025-03-21T14:03:02Z,bob,10.0.0.4,FAIL
2025-03-21T14:03:10Z,alice,10.0.0.5,OK
2025-03-21T14:03:18Z,dave,10.0.0.7,FAIL
2025-03-21T14:03:21Z,carol,10.0.0.1,OK
2025-03-21T14:03:23Z,eve,10.0.0.8,OK
2025-03-21T14:03:24Z,dave,10.0.0.9,FAIL
2025-03-21T14:03:30Z,alice,10.0.0.7,OK
2025-03-21T14:03:39Z,bob,10.0.0.5,OK
2025-03-21T14:03:42Z,bob,10.0.0.5,FAIL
2025-03-21T14:03:47Z,carol,10.0.0.9,OK
2025-03-21T14:03:49Z,bob,10.0.0.4,FAIL
2025-03-21T14:03:58Z,bob,10.0.0.4,FAIL
2025-03-21T14:04:08Z,carol,10.0.0.10,OK
2025-03-21T14:04:16Z,carol,10.0.0.2,OK
2025-03-21T14:04:21Z,frank,10.0.0.8,OK
2025-03-21T14:04:27Z,carol,10.0.0.9,OK
2025-03-21T14:04:32Z,carol,10.0.0.3,OK
2025-03-21T14:04:38Z,eve,10.0.0.5,OK
2025-03-21T14:04:45Z,eve,10.0.0.10,OK
2025-03-21T14:04:49Z,dave,10.0.0.8,OK
2025-03-21T14:04:51Z,eve,10.0.0.5,FAIL
2025-03-21T14:05:01Z,dave,10.0.0.8,FAIL
2025-03-21T14:05:06Z,eve,10.0.0.7,FAIL
2025-03-21T14:05:14Z,frank,10.0.0.8,FAIL
2025-03-21T14:05:18Z,carol,10.0.0.9,FAIL
2025-03-21T14:05:28Z,bob,10.0.0.8,FAIL
2025-03-21T14:05:32Z,bob,10.0.0.2,OK
2025-03-21T14:05:41Z,dave,10.0.0.4,OK
2025-03-21T14:05:50Z,bob,10.0.0.2,OK
2025-03-21T14:05:56Z,eve,10.0.0.4,FAIL
2025-03-21T14:06:04Z,alice,10.0.0.5,OK
2025-03-21T14:06:14Z,frank,10.0.0.8,FAIL
2025-03-21T14:06:21Z,bob,10.0.0.7,FAIL
2025-03-21T14:06:22Z,dave,10.0.0.8,FAIL
2025-03-21T14:06:32Z,carol,10.0.0.3,OK
2025-03-21T14:06:37Z,dave,10.0.0.3,FAIL
2025-03-21T14:06:38Z,carol,10.0.0.3,OK
2025-03-21T14:06:48Z,alice,10.0.0.1,FAIL
2025-03-21T14:06:52Z,dave,10.0.0.8,OK
2025-03-21T14:06:58Z,bob,10.0.0.6,FAIL
2025-03-21T14:07:07Z,eve,10.0.0.1,FAIL
2025-03-21T14:07:14Z,dave,10.0.0.3,FAIL
2025-03-21T14:07:23Z,alice,10.0.0.1,FAIL
2025-03-21T14:07:32Z,bob,10.0.0.7,FAIL
2025-03-21T14:07:34Z,carol,10.0.0.1,FAIL
2025-03-21T14:07:42Z,bob,10.0.0.10,FAIL
2025-03-21T14:07:43Z,eve,10.0.0.7,OK
2025-03-21T14:07:44Z,eve,10.0.0.6,FAIL
2025-03-21T14:07:51Z,frank,10.0.0.8,FAIL
2025-03-21T14:08:00Z,alice,10.0.0.10,FAIL
2025-03-21T14:08:08Z,alice,10.0.0.3,FAIL
2025-03-21T14:08:14Z,carol,10.0.0.10,OK
2025-03-21T14:08:20Z,dave,10.0.0.4,FAIL
2025-03-21T14:08:27Z,alice,10.0.0.9,FAIL
2025-03-21T14:08:30Z,carol,10.0.0.8,OK
2025-03-21T14:08:32Z,alice,10.0.0.2,OK
2025-03-21T14:08:37Z,eve,10.0.0.6,OK
2025-03-21T14:08:40Z,frank,10.0.0.1,OK
2025-03-21T14:08:42Z,bob,10.0.0.4,FAIL
2025-03-21T14:08:45Z,frank,10.0.0.3,FAIL
2025-03-21T14:08:55Z,bob,10.0.0.2,FAIL
2025-03-21T14:09:02Z,alice,10.0.0.7,FAIL
2025-03-21T14:09:03Z,frank,10.0.0.7,OK
2025-03-21T14:09:04Z,bob,10.0.0.10,FAIL
2025-03-21T14:09:07Z,eve,10.0.0.3,FAIL
2025-03-21T14:09:11Z,alice,10.0.0.5,FAIL
2025-03-21T14:09:20Z,bob,10.0.0.10,OK
2025-03-21T14:09:27Z,alice,10.0.0.3,OK
2025-03-21T14:09:32Z,dave,10.0.0.5,FAIL
2025-03-21T14:09:40Z,alice,10.0.0.7,FAIL
2025-03-21T14:09:45Z,bob,10.0.0.1,OK
2025-03-21T14:09:49Z,dave,10.0.0.3,FAIL
2025-03-21T14:09:58Z,bob,10.0.0.8,OK
2025-03-21T14:10:03Z,dave,10.0.0.10,FAIL
2025-03-21T14:10:09Z,alice,10.0.0.6,OK
2025-03-21T14:10:14Z,frank,10.0.0.10,FAIL
2025-03-21T14:10:16Z,carol,10.0.0.8,OK
2025-03-21T14:10:20Z,alice,10.0.0.9,OK
2025-03-21T14:10:25Z,frank,10.0.0.9,FAIL
2025-03-21T14:10:33Z,bob,10.0.0.4,FAIL
2025-03-21T14:10:37Z,alice,10.0.0.1,OK
2025-03-21T14:10:45Z,alice,10.0.0.10,FAIL
2025-03-21T14:10:54Z,alice,10.0.0.4,OK
2025-03-21T14:11:01Z,dave,10.0.0.4,FAIL
2025-03-21T14:11:05Z,carol,10.0.0.7,FAIL
2025-03-21T14:11:08Z,carol,10.0.0.3,OK
2025-03-21T14:11:18Z,alice,10.0.0.5,OK
2025-03-21T14:11:24Z,eve,10.0.0.4,FAIL
2025-03-21T14:11:33Z,carol,10.0.0.4,OK
2025-03-21T14:11:43Z,bob,10.0.0.1,OK
2025-03-21T14:11:44Z,alice,10.0.0.4,OK
2025-03-21T14:11:50Z,dave,10.0.0.2,OK
2025-03-21T14:11:54Z,eve,10.0.0.2,FAIL
2025-03-21T14:11:58Z,carol,10.0.0.9,OK
2025-03-21T14:12:01Z,carol,10.0.0.6,FAIL
2025-03-21T14:12:06Z,frank,10.0.0.10,OK
2025-03-21T14:12:12Z,alice,10.0.0.1,FAIL
2025-03-21T14:12:21Z,frank,10.0.0.2,FAIL
2025-03-21T14:12:25Z,frank,10.0.0.9,FAIL
2025-03-21T14:12:31Z,bob,10.0.0.4,FAIL
2025-03-21T14:12:38Z,eve,10.0.0.9,OK
2025-03-21T14:12:45Z,eve,10.0.0.7,OK
2025-03-21T14:12:50Z,bob,10.0.0.10,FAIL
2025-03-21T14:12:51Z,eve,10.0.0.7,FAIL
2025-03-21T14:12:54Z,frank,10.0.0.4,OK
2025-03-21T14:12:56Z,eve,10.0.0.9,OK
2025-03-21T14:12:58Z,dave,10.0.0.5,OK
2025-03-21T14:13:04Z,dave,10.0.0.2,OK
2025-03-21T14:13:07Z,alice,10.0.0.8,FAIL
2025-03-21T14:13:13Z,frank,10.0.0.10,OK
2025-03-21T14:13:21Z,carol,10.0.0.5,FAIL
2025-03-21T14:13:27Z,bob,10.0.0.2,OK
2025-03-21T14:13:36Z,bob,10.0.0.4,OK
2025-03-21T14:13:42Z,carol,10.0.0.5,OK
2025-03-21T14:13:52Z,frank,10.0.0.4,OK
2025-03-21T14:13:58Z,carol,10.0.0.9,FAIL
2025-03-21T14:14:06Z,carol,10.0.0.2,FAIL
2025-03-21T14:14:14Z,eve,10.0.0.3,FAIL
2025-03-21T14:14:22Z,bob,10.0.0.8,FAIL
2025-03-21T14:14:30Z,eve,10.0.0.1,FAIL
2025-03-21T14:14:31Z,carol,10.0.0.10,OK
2025-03-21T14:14:36Z,carol,10.0.0.3,OK
2025-03-21T14:14:46Z,frank,10.0.0.9,OK
2025-03-21T14:14:55Z,carol,10.0.0.1,OK
2025-03-21T14:15:00Z,bob,10.0.0.6,OK
2025-03-21T14:15:02Z,carol,10.0.0.3,OK
2025-03-21T14:15:10Z,alice,10.0.0.4,OK
2025-03-21T14:15:15Z,bob,10.0.0.3,FAIL
2025-03-21T14:15:16Z,alice,10.0.0.5,FAIL
2025-03-21T14:15:17Z,alice,10.0.0.2,OK
2025-03-21T14:15:19Z,frank,10.0.0.4,OK
2025-03-21T14:15:20Z,carol,10.0.0.8,FAIL
2025-03-21T14:15:25Z,alice,10.0.0.5,OK
2025-03-21T14:15:28Z,frank,10.0.0.8,FAIL
2025-03-21T14:15:29Z,bob,10.0.0.2,FAIL
2025-03-21T14:15:33Z,frank,10.0.0.9,FAIL
2025-03-21T14:15:43Z,eve,10.0.0.9,OK
2025-03-21T14:15:46Z,frank,10.0.0.5,OK
2025-03-21T14:15:50Z,eve,10.0.0.8,FAIL
2025-03-21T14:15:52Z,dave,10.0.0.3,FAIL
2025-03-21T14:16:02Z,carol,10.0.0.9,FAIL
2025-03-21T14:16:08Z,dave,10.0.0.9,OK
2025-03-21T14:16:11Z,carol,10.0.0.3,OK
2025-03-21T14:16:13Z,dave,10.0.0.1,OK
2025-03-21T14:16:21Z,alice,10.0.0.2,FAIL
2025-03-21T14:16:31Z,dave,10.0.0.4,FAIL
2025-03-21T14:16:41Z,carol,10.0.0.8,OK
2025-03-21T14:16:48Z,carol,10.0.0.4,FAIL
2025-03-21T14:16:55Z,carol,10.0.0.3,OK
2025-03-21T14:17:00Z,frank,10.0.0.10,FAIL
2025-03-21T14:17:06Z,frank,10.0.0.7,FAIL
2025-03-21T14:17:07Z,dave,10.0.0.2,OK
2025-03-21T14:17:13Z,frank,10.0.0.2,OK
2025-03-21T14:17:15Z,eve,10.0.0.4,OK
2025-03-21T14:17:25Z,frank,10.0.0.8,FAIL
2025-03-21T14:17:29Z,frank,10.0.0.2,FAIL
2025-03-21T14:17:39Z,bob,10.0.0.7,OK
2025-03-21T14:17:46Z,dave,10.0.0.9,OK
2025-03-21T14:17:53Z,dave,10.0.0.3,OK
2025-03-21T14:18:00Z,carol,10.0.0.3,FAIL
2025-03-21T14:18:01Z,eve,10.0.0.2,FAIL
2025-03-21T14:18:03Z,frank,10.0.0.1,OK
2025-03-21T14:18:13Z,bob,10.0.0.5,OK
2025-03-21T14:18:22Z,dave,10.0.0.9,OK
2025-03-21T14:18:24Z,eve,10.0.0.5,FAIL
2025-03-21T14:18:27Z,alice,10.0.0.2,OK
2025-03-21T14:18:33Z,bob,10.0.0.7,OK
2025-03-21T14:18:43Z,alice,10.0.0.8,FAIL
2025-03-21T14:18:53Z,eve,10.0.0.2,FAIL
2025-03-21T14:18:55Z,alice,10.0.0.4,OK
2025-03-21T14:19:02Z,bob,10.0.0.1,OK
2025-03-21T14:19:10Z,eve,10.0.0.4,FAIL
2025-03-21T14:19:17Z,eve,10.0.0.8,FAIL
2025-03-21T14:19:19Z,eve,10.0.0.1,FAIL
2025-03-21T14:19:25Z,alice,10.0.0.9,OK
2025-03-21T14:19:31Z,dave,10.0.0.2,FAIL
2025-03-21T14:19:33Z,dave,10.0.0.6,FAIL
2025-03-21T14:19:34Z,eve,10.0.0.1,FAIL
2025-03-21T14:19:36Z,carol,10.0.0.3,OK
2025-03-21T14:19:37Z,bob,10.0.0.3,FAIL
2025-03-21T14:19:43Z,alice,10.0.0.4,FAIL
2025-03-21T14:19:46Z,alice,10.0.0.7,OK
2025-03-21T14:19:51Z,dave,10.0.0.2,OK
2025-03-21T14:19:53Z,frank,10.0.0.9,FAIL
2025-03-21T14:20:01Z,dave,10.0.0.6,FAIL
2025-03-21T14:20:03Z,frank,10.0.0.10,FAIL
2025-03-21T14:20:06Z,frank,10.0.0.5,FAIL
2025-03-21T14:20:12Z,alice,10.0.0.1,FAIL
2025-03-21T14:20:21Z,alice,10.0.0.2,FAIL
2025-03-21T14:20:25Z,carol,10.0.0.3,OK
2025-03-21T14:20:27Z,dave,10.0.0.5,FAIL
2025-03-21T14:20:36Z,eve,10.0.0.8,FAIL
2025-03-21T14:20:43Z,dave,10.0.0.7,FAIL
2025-03-21T14:20:46Z,dave,10.0.0.8,OK
2025-03-21T14:20:56Z,alice,10.0.0.4,FAIL
2025-03-21T14:21:00Z,carol,10.0.0.10,FAIL
2025-03-21T14:21:02Z,carol,10.0.0.3,FAIL
2025-03-21T14:21:07Z,dave,10.0.0.10,FAIL
2025-03-21T14:21:10Z,carol,10.0.0.1,OK
2025-03-21T14:21:20Z,eve,10.0.0.3,FAIL
2025-03-21T14:21:27Z,frank,10.0.0.4,OK
2025-03-21T14:21:29Z,eve,10.0.0.9,OK
2025-03-21T14:21:36Z,frank,10.0.0.9,FAIL
2025-03-21T14:21:42Z,bob,10.0.0.8,FAIL
2025-03-21T14:21:45Z,frank,10.0.0.8,OK
2025-03-21T14:21:52Z,eve,10.0.0.5,FAIL
2025-03-21T14:21:53Z,bob,10.0.0.10,OK
2025-03-21T14:21:54Z,eve,10.0.0.2,OK
2025-03-21T14:21:57Z,eve,10.0.0.2,FAIL
2025-03-21T14:22:07Z,frank,10.0.0.6,FAIL
2025-03-21T14:22:10Z,dave,10.0.0.10,OK
2025-03-21T14:22:19Z,dave,10.0.0.5,OK
2025-03-21T14:22:24Z,dave,10.0.0.8,FAIL
2025-03-21T14:22:30Z,bob,10.0.0.2,FAIL
2025-03-21T14:22:32Z,bob,10.0.0.4,FAIL
2025-03-21T14:22:34Z,alice,10.0.0.3,FAIL
2025-03-21T14:22:41Z,carol,10.0.0.2,OK
2025-03-21T14:22:47Z,alice,10.0.0.2,FAIL
2025-03-21T14:22:57Z,frank,10.0.0.7,OK
2025-03-21T14:23:05Z,dave,10.0.0.1,OK
2025-03-21T14:23:12Z,bob,10.0.0.7,FAIL
2025-03-21T14:23:17Z,carol,10.0.0.3,OK
2025-03-21T14:23:26Z,alice,10.0.0.4,FAIL
2025-03-21T14:23:28Z,bob,10.0.0.4,FAIL
2025-03-21T14:23:37Z,dave,10.0.0.6,FAIL
2025-03-21T14:23:40Z,eve,10.0.0.6,OK
2025-03-21T14:23:49Z,frank,10.0.0.9,FAIL
2025-03-21T14:23:51Z,alice,10.0.0.7,FAIL
2025-03-21T14:24:00Z,dave,10.0.0.10,FAIL
2025-03-21T14:24:03Z,bob,10.0.0.5,FAIL
2025-03-21T14:24:05Z,carol,10.0.0.2,OK
2025-03-21T14:24:08Z,eve,10.0.0.10,FAIL
2025-03-21T14:24:12Z,eve,10.0.0.5,OK
2025-03-21T14:24:20Z,bob,10.0.0.2,FAIL
2025-03-21T14:24:24Z,alice,10.0.0.8,OK
2025-03-21T14:24:31Z,carol,10.0.0.2,OK
2025-03-21T14:24:35Z,bob,10.0.0.4,FAIL
2025-03-21T14:24:36Z,frank,10.0.0.4,FAIL
2025-03-21T14:24:38Z,eve,10.0.0.1,OK
2025-03-21T14:24:47Z,alice,10.0.0.3,OK
2025-03-21T14:24:53Z,carol,10.0.0.2,OK
2025-03-21T14:25:01Z,frank,10.0.0.3,OK
2025-03-21T14:25:10Z,eve,10.0.0.8,FAIL
2025-03-21T14:25:15Z,alice,10.0.0.9,FAIL
2025-03-21T14:25:18Z,carol,10.0.0.8,FAIL
2025-03-21T14:25:21Z,dave,10.0.0.1,FAIL
2025-03-21T14:25:27Z,alice,10.0.0.5,FAIL
2025-03-21T14:25:37Z,frank,10.0.0.1,FAIL
2025-03-21T14:25:40Z,alice,10.0.0.1,OK
2025-03-21T14:25:42Z,alice,10.0.0.6,OK
2025-03-21T14:25:43Z,eve,10.0.0.6,OK
2025-03-21T14:25:51Z,carol,10.0.0.4,FAIL
2025-03-21T14:25:57Z,frank,10.0.0.6,OK
2025-03-21T14:25:58Z,bob,10.0.0.2,FAIL
2025-03-21T14:26:01Z,carol,10.0.0.3,FAIL
2025-03-21T14:26:04Z,bob,10.0.0.9,FAIL
2025-03-21T14:26:12Z,bob,10.0.0.9,OK
2025-03-21T14:26:19Z,dave,10.0.0.4,FAIL
2025-03-21T14:26:22Z,carol,10.0.0.8,FAIL
2025-03-21T14:26:28Z,eve,10.0.0.1,FAIL
2025-03-21T14:26:33Z,alice,10.0.0.2,FAIL
2025-03-21T14:26:43Z,dave,10.0.0.6,FAIL
2025-03-21T14:26:51Z,bob,10.0.0.4,FAIL
2025-03-21T14:26:59Z,carol,10.0.0.6,OK
2025-03-21T14:27:03Z,dave,10.0.0.6,OK
2025-03-21T14:27:11Z,carol,10.0.0.8,OK
2025-03-21T14:27:15Z,carol,10.0.0.3,OK
2025-03-21T14:27:24Z,bob,10.0.0.7,FAIL
2025-03-21T14:27:28Z,dave,10.0.0.10,FAIL
2025-03-21T14:27:30Z,frank,10.0.0.3,FAIL
2025-03-21T14:27:38Z,dave,10.0.0.9,OK
2025-03-21T14:27:47Z,carol,10.0.0.10,FAIL
2025-03-21T14:27:56Z,frank,10.0.0.1,OK
2025-03-21T14:27:57Z,dave,10.0.0.10,FAIL
2025-03-21T14:28:05Z,carol,10.0.0.6,FAIL
2025-03-21T14:28:12Z,dave,10.0.0.2,OK
2025-03-21T14:28:14Z,dave,10.0.0.10,OK
2025-03-21T14:28:18Z,eve,10.0.0.7,FAIL
2025-03-21T14:28:27Z,bob,10.0.0.10,OK
2025-03-21T14:28:36Z,carol,10.0.0.1,OK
2025-03-21T14:28:44Z,eve,10.0.0.6,OK
2025-03-21T14:28:49Z,carol,10.0.0.2,OK
2025-03-21T14:28:55Z,frank,10.0.0.5,OK
2025-03-21T14:28:56Z,dave,10.0.0.5,FAIL
2025-03-21T14:28:58Z,eve,10.0.0.9,FAIL
2025-03-21T14:29:03Z,dave,10.0.0.2,FAIL
2025-03-21T14:29:04Z,bob,10.0.0.5,OK
2025-03-21T14:29:12Z,bob,10.0.0.9,OK
2025-03-21T14:29:15Z,eve,10.0.0.8,OK
2025-03-21T14:29:23Z,eve,10.0.0.9,FAIL
2025-03-21T14:29:25Z,frank,10.0.0.1,FAIL
2025-03-21T14:29:35Z,eve,10.0.0.4,FAIL
2025-03-21T14:29:37Z,eve,10.0.0.9,OK
2025-03-21T14:29:42Z,alice,10.0.0.9,FAIL
2025-03-21T14:29:49Z,carol,10.0.0.7,FAIL
2025-03-21T14:29:52Z,carol,10.0.0.3,FAIL
2025-03-21T14:30:01Z,alice,10.0.0.7,OK
2025-03-21T14:30:03Z,carol,10.0.0.3,FAIL
2025-03-21T14:30:04Z,bob,10.0.0.9,FAIL
2025-03-21T14:30:06Z,frank,10.0.0.10,FAIL
2025-03-21T14:30:14Z,dave,10.0.0.4,FAIL
2025-03-21T14:30:20Z,eve,10.0.0.5,FAIL
2025-03-21T14:30:23Z,frank,10.0.0.8,OK
2025-03-21T14:30:30Z,eve,10.0.0.9,FAIL
2025-03-21T14:30:33Z,alice,10.0.0.6,OK
2025-03-21T14:30:36Z,frank,10.0.0.8,OK
2025-03-21T14:30:46Z,alice,10.0.0.3,OK
2025-03-21T14:30:50Z,alice,10.0.0.6,OK
2025-03-21T14:30:59Z,frank,10.0.0.1,OK
2025-03-21T14:31:09Z,eve,10.0.0.4,FAIL
2025-03-21T14:31:15Z,dave,10.0.0.8,FAIL
2025-03-21T14:31:18Z,frank,10.0.0.7,FAIL
2025-03-21T14:31:27Z,carol,10.0.0.3,OK
2025-03-21T14:31:29Z,bob,10.0.0.3,OK
2025-03-21T14:31:37Z,bob,10.0.0.9,FAIL
2025-03-21T14:31:40Z,eve,10.0.0.10,FAIL
2025-03-21T14:31:45Z,bob,10.0.0.4,FAIL
2025-03-21T14:31:52Z,bob,10.0.0.8,FAIL
2025-03-21T14:32:00Z,frank,10.0.0.1,OK
2025-03-21T14:32:02Z,dave,10.0.0.5,OK
2025-03-21T14:32:03Z,carol,10.0.0.8,FAIL
2025-03-21T14:32:07Z,eve,10.0.0.4,OK
2025-03-21T14:32:10Z,dave,10.0.0.5,OK
2025-03-21T14:32:15Z,bob,10.0.0.3,OK
2025-03-21T14:32:18Z,eve,10.0.0.4,FAIL
2025-03-21T14:32:27Z,bob,10.0.0.1,OK
2025-03-21T14:32:33Z,dave,10.0.0.8,OK
2025-03-21T14:32:41Z,frank,10.0.0.9,FAIL
2025-03-21T14:32:44Z,alice,10.0.0.7,OK
2025-03-21T14:32:49Z,alice,10.0.0.6,FAIL
2025-03-21T14:32:58Z,alice,10.0.0.8,OK
2025-03-21T14:32:59Z,carol,10.0.0.4,FAIL
2025-03-21T14:33:03Z,dave,10.0.0.8,OK
2025-03-21T14:33:10Z,eve,10.0.0.3,FAIL
2025-03-21T14:33:14Z,alice,10.0.0.10,OK
2025-03-21T14:33:17Z,carol,10.0.0.7,OK
2025-03-21T14:33:27Z,carol,10.0.0.3,FAIL
2025-03-21T14:33:35Z,alice,10.0.0.1,OK
2025-03-21T14:33:42Z,bob,10.0.0.7,FAIL
2025-03-21T14:33:46Z,alice,10.0.0.1,OK
2025-03-21T14:33:48Z,bob,10.0.0.8,FAIL
2025-03-21T14:33:58Z,alice,10.0.0.1,OK
2025-03-21T14:34:06Z,frank,10.0.0.3,OK
2025-03-21T14:34:16Z,bob,10.0.0.10,FAIL
2025-03-21T14:34:25Z,dave,10.0.0.5,OK
2025-03-21T14:34:34Z,frank,10.0.0.1,OK
2025-03-21T14:34:38Z,alice,10.0.0.3,FAIL
2025-03-21T14:34:48Z,alice,10.0.0.4,OK
2025-03-21T14:34:53Z,alice,10.0.0.8,OK
2025-03-21T14:34:58Z,frank,10.0.0.4,OK
2025-03-21T14:34:59Z,carol,10.0.0.4,OK
2025-03-21T14:35:09Z,dave,10.0.0.5,FAIL
2025-03-21T14:35:16Z,alice,10.0.0.3,FAIL
2025-03-21T14:35:18Z,bob,10.0.0.4,FAIL
2025-03-21T14:35:22Z,alice,10.0.0.5,OK
2025-03-21T14:35:30Z,dave,10.0.0.3,FAIL
2025-03-21T14:35:33Z,frank,10.0.0.10,FAIL
2025-03-21T14:35:39Z,frank,10.0.0.7,FAIL
2025-03-21T14:35:48Z,frank,10.0.0.7,FAIL
2025-03-21T14:35:58Z,alice,10.0.0.1,OK
2025-03-21T14:36:00Z,alice,10.0.0.6,FAIL
2025-03-21T14:36:04Z,dave,10.0.0.1,OK
2025-03-21T14:36:08Z,alice,10.0.0.1,FAIL
2025-03-21T14:36:12Z,carol,10.0.0.10,FAIL
2025-03-21T14:36:14Z,dave,10.0.0.8,FAIL
2025-03-21T14:36:22Z,alice,10.0.0.9,FAIL
2025-03-21T14:36:28Z,dave,10.0.0.3,FAIL
2025-03-21T14:36:31Z,eve,10.0.0.10,FAIL
2025-03-21T14:36:38Z,eve,10.0.0.9,OK
2025-03-21T14:36:47Z,eve,10.0.0.2,FAIL
2025-03-21T14:36:56Z,eve,10.0.0.10,OK
2025-03-21T14:36:58Z,carol,10.0.0.2,OK
2025-03-21T14:37:01Z,frank,10.0.0.6,FAIL
2025-03-21T14:37:08Z,alice,10.0.0.8,FAIL
2025-03-21T14:37:14Z,eve,10.0.0.1,FAIL
2025-03-21T14:37:17Z,dave,10.0.0.9,FAIL
2025-03-21T14:37:22Z,alice,10.0.0.10,FAIL
2025-03-21T14:37:29Z,alice,10.0.0.9,OK
2025-03-21T14:37:37Z,bob,10.0.0.6,OK
2025-03-21T14:37:47Z,eve,10.0.0.10,OK
2025-03-21T14:37:53Z,eve,10.0.0.3,FAIL
2025-03-21T14:37:56Z,alice,10.0.0.4,FAIL
2025-03-21T14:37:58Z,dave,10.0.0.8,OK
2025-03-21T14:38:02Z,alice,10.0.0.9,FAIL
2025-03-21T14:38:11Z,bob,10.0.0.5,OK
2025-03-21T14:38:19Z,eve,10.0.0.1,OK
2025-03-21T14:38:24Z,alice,10.0.0.6,OK
2025-03-21T14:38:29Z,dave,10.0.0.5,OK
2025-03-21T14:38:37Z,alice,10.0.0.6,FAIL
2025-03-21T14:38:39Z,carol,10.0.0.5,OK
2025-03-21T14:38:46Z,dave,10.0.0.7,FAIL
2025-03-21T14:38:55Z,eve,10.0.0.2,FAIL
2025-03-21T14:39:00Z,eve,10.0.0.10,OK
2025-03-21T14:39:05Z,bob,10.0.0.3,OK
2025-03-21T14:39:12Z,alice,10.0.0.9,FAIL
2025-03-21T14:39:20Z,alice,10.0.0.1,OK
2025-03-21T14:39:28Z,alice,10.0.0.7,OK
2025-03-21T14:39:38Z,bob,10.0.0.5,OK
2025-03-21T14:39:41Z,bob,10.0.0.8,OK
2025-03-21T14:39:45Z,carol,10.0.0.6,OK
2025-03-21T14:39:47Z,dave,10.0.0.5,FAIL
2025-03-21T14:39:56Z,carol,10.0.0.8,OK
2025-03-21T14:40:02Z,bob,10.0.0.9,FAIL
2025-03-21T14:40:11Z,alice,10.0.0.7,OK
2025-03-21T14:40:16Z,carol,10.0.0.2,FAIL
2025-03-21T14:40:23Z,alice,10.0.0.1,FAIL
2025-03-21T14:40:29Z,dave,10.0.0.1,OK
2025-03-21T14:40:36Z,bob,10.0.0.3,OK
2025-03-21T14:40:42Z,eve,10.0.0.5,FAIL
2025-03-21T14:40:50Z,alice,10.0.0.1,OK
2025-03-21T14:40:55Z,frank,10.0.0.5,OK
2025-03-21T14:41:04Z,carol,10.0.0.8,FAIL
2025-03-21T14:41:08Z,frank,10.0.0.1,OK
2025-03-21T14:41:13Z,carol,10.0.0.9,FAIL
2025-03-21T14:41:18Z,bob,10.0.0.7,FAIL
2025-03-21T14:41:21Z,alice,10.0.0.6,FAIL
2025-03-21T14:41:31Z,alice,10.0.0.8,OK
2025-03-21T14:41:41Z,eve,10.0.0.4,OK
2025-03-21T14:41:42Z,eve,10.0.0.2,FAIL
2025-03-21T14:41:47Z,eve,10.0.0.6,FAIL
2025-03-21T14:41:57Z,frank,10.0.0.5,OK
2025-03-21T14:42:05Z,alice,10.0.0.2,FAIL
2025-03-21T14:42:11Z,frank,10.0.0.6,OK
2025-03-21T14:42:17Z,eve,10.0.0.2,FAIL
2025-03-21T14:42:26Z,eve,10.0.0.3,OK
2025-03-21T14:42:32Z,alice,10.0.0.5,FAIL
2025-03-21T14:42:37Z,bob,10.0.0.9,OK
2025-03-21T14:42:40Z,eve,10.0.0.8,FAIL
2025-03-21T14:42:45Z,bob,10.0.0.1,OK
2025-03-21T14:42:46Z,bob,10.0.0.9,OK
2025-03-21T14:42:49Z,frank,10.0.0.3,FAIL
2025-03-21T14:42:54Z,bob,10.0.0.1,FAIL
2025-03-21T14:42:57Z,eve,10.0.0.8,OK
2025-03-21T14:43:03Z,frank,10.0.0.8,FAIL
2025-03-21T14:43:09Z,alice,10.0.0.6,FAIL
2025-03-21T14:43:17Z,frank,10.0.0.10,OK
2025-03-21T14:43:20Z,carol,10.0.0.1,OK
2025-03-21T14:43:30Z,frank,10.0.0.8,FAIL
2025-03-21T14:43:40Z,eve,10.0.0.6,OK
2025-03-21T14:43:50Z,bob,10.0.0.7,OK
2025-03-21T14:43:54Z,bob,10.0.0.1,OK
2025-03-21T14:44:00Z,carol,10.0.0.9,OK
2025-03-21T14:44:06Z,eve,10.0.0.5,FAIL
2025-03-21T14:44:07Z,bob,10.0.0.1,OK
2025-03-21T14:44:15Z,dave,10.0.0.1,OK
2025-03-21T14:44:18Z,frank,10.0.0.2,OK
2025-03-21T14:44:25Z,carol,10.0.0.3,OK
2025-03-21T14:44:29Z,dave,10.0.0.9,OK
2025-03-21T14:44:39Z,carol,10.0.0.7,FAIL
2025-03-21T14:44:41Z,carol,10.0.0.6,FAIL
2025-03-21T14:44:47Z,dave,10.0.0.1,OK
2025-03-21T14:44:53Z,alice,10.0.0.9,OK
2025-03-21T14:45:02Z,frank,10.0.0.7,FAIL
2025-03-21T14:45:09Z,frank,10.0.0.10,FAIL
2025-03-21T14:45:17Z,dave,10.0.0.9,OK
2025-03-21T14:45:20Z,dave,10.0.0.7,OK
2025-03-21T14:45:29Z,dave,10.0.0.1,OK
2025-03-21T14:45:34Z,dave,10.0.0.6,FAIL
2025-03-21T14:45:40Z,bob,10.0.0.5,OK
2025-03-21T14:45:45Z,eve,10.0.0.1,OK
2025-03-21T14:45:51Z,dave,10.0.0.6,FAIL
2025-03-21T14:46:00Z,carol,10.0.0.2,FAIL
2025-03-21T14:46:01Z,frank,10.0.0.2,OK
2025-03-21T14:46:11Z,eve,10.0.0.10,FAIL
2025-03-21T14:46:17Z,frank,10.0.0.10,OK
2025-03-21T14:46:21Z,dave,10.0.0.5,FAIL
2025-03-21T14:46:25Z,dave,10.0.0.3,FAIL
2025-03-21T14:46:35Z,carol,10.0.0.5,OK
2025-03-21T14:46:38Z,alice,10.0.0.9,OK
2025-03-21T14:46:45Z,eve,10.0.0.1,OK
2025-03-21T14:46:53Z,carol,10.0.0.7,OK
2025-03-21T14:47:01Z,bob,10.0.0.3,FAIL
2025-03-21T14:47:08Z,alice,10.0.0.9,FAIL
2025-03-21T14:47:13Z,frank,10.0.0.1,OK
2025-03-21T14:47:20Z,carol,10.0.0.3,OK
2025-03-21T14:47:28Z,alice,10.0.0.7,FAIL
2025-03-21T14:47:34Z,bob,10.0.0.10,FAIL
2025-03-21T14:47:39Z,frank,10.0.0.3,OK
2025-03-21T14:47:42Z,eve,10.0.0.6,FAIL
2025-03-21T14:47:45Z,carol,10.0.0.6,OK
2025-03-21T14:47:54Z,dave,10.0.0.3,OK
2025-03-21T14:48:04Z,eve,10.0.0.4,FAIL
2025-03-21T14:48:12Z,alice,10.0.0.6,OK
2025-03-21T14:48:16Z,carol,10.0.0.7,OK
2025-03-21T14:48:22Z,bob,10.0.0.3,OK
2025-03-21T14:48:32Z,dave,10.0.0.6,FAIL
2025-03-21T14:48:41Z,bob,10.0.0.9,FAIL
2025-03-21T14:48:47Z,frank,10.0.0.6,OK
2025-03-21T14:48:54Z,bob,10.0.0.6,FAIL
2025-03-21T14:49:04Z,alice,10.0.0.10,FAIL
2025-03-21T14:49:14Z,dave,10.0.0.4,FAIL
2025-03-21T14:49:16Z,eve,10.0.0.5,OK
2025-03-21T14:49:18Z,eve,10.0.0.10,FAIL
2025-03-21T14:49:23Z,eve,10.0.0.10,OK
2025-03-21T14:49:30Z,alice,10.0.0.1,OK
2025-03-21T14:49:33Z,dave,10.0.0.3,OK
2025-03-21T14:49:41Z,dave,10.0.0.10,OK
2025-03-21T14:49:42Z,frank,10.0.0.6,FAIL
2025-03-21T14:49:44Z,dave,10.0.0.4,OK
2025-03-21T14:49:53Z,carol,10.0.0.4,OK
2025-03-21T14:49:57Z,bob,10.0.0.1,OK
2025-03-21T14:50:01Z,alice,10.0.0.7,FAIL
2025-03-21T14:50:08Z,frank,10.0.0.5,FAIL
2025-03-21T14:50:10Z,bob,10.0.0.6,OK
2025-03-21T14:50:13Z,alice,10.0.0.2,FAIL
2025-03-21T14:50:15Z,frank,10.0.0.1,FAIL
2025-03-21T14:50:24Z,alice,10.0.0.2,OK
2025-03-21T14:50:32Z,bob,10.0.0.8,OK
2025-03-21T14:50:36Z,eve,10.0.0.6,FAIL
2025-03-21T14:50:42Z,frank,10.0.0.1,FAIL
2025-03-21T14:50:45Z,eve,10.0.0.4,FAIL
2025-03-21T14:50:53Z,dave,10.0.0.9,OK
2025-03-21T14:50:58Z,bob,10.0.0.9,OK
2025-03-21T14:51:05Z,bob,10.0.0.8,FAIL
2025-03-21T14:51:11Z,bob,10.0.0.8,OK
2025-03-21T14:51:20Z,eve,10.0.0.1,FAIL
2025-03-21T14:51:22Z,carol,10.0.0.6,FAIL
2025-03-21T14:51:24Z,eve,10.0.0.5,OK
2025-03-21T14:51:34Z,bob,10.0.0.9,FAIL
2025-03-21T14:51:42Z,carol,10.0.0.4,FAIL
2025-03-21T14:51:48Z,eve,10.0.0.10,FAIL
2025-03-21T14:51:53Z,bob,10.0.0.7,FAIL
2025-03-21T14:52:03Z,eve,10.0.0.7,OK
2025-03-21T14:52:11Z,bob,10.0.0.6,OK
2025-03-21T14:52:19Z,carol,10.0.0.9,OK
2025-03-21T14:52:29Z,dave,10.0.0.5,OK
2025-03-21T14:52:31Z,frank,10.0.0.3,OK
2025-03-21T14:52:37Z,frank,10.0.0.10,FAIL
2025-03-21T14:52:45Z,dave,10.0.0.8,OK
2025-03-21T14:52:48Z,bob,10.0.0.4,OK
2025-03-21T14:52:57Z,dave,10.0.0.6,OK
2025-03-21T14:52:58Z,dave,10.0.0.4,FAIL
2025-03-21T14:53:00Z,carol,10.0.0.2,OK
2025-03-21T14:53:02Z,carol,10.0.0.9,FAIL
2025-03-21T14:53:03Z,dave,10.0.0.9,OK
2025-03-21T14:53:07Z,eve,10.0.0.2,OK
2025-03-21T14:53:08Z,frank,10.0.0.4,FAIL
2025-03-21T14:53:09Z,eve,10.0.0.1,OK
2025-03-21T14:53:13Z,eve,10.0.0.8,OK
2025-03-21T14:53:17Z,carol,10.0.0.3,FAIL
2025-03-21T14:53:22Z,frank,10.0.0.5,FAIL
2025-03-21T14:53:31Z,eve,10.0.0.10,FAIL
2025-03-21T14:53:33Z,carol,10.0.0.5,FAIL
2025-03-21T14:53:40Z,bob,10.0.0.10,OK
2025-03-21T14:53:43Z,dave,10.0.0.9,OK
2025-03-21T14:53:47Z,bob,10.0.0.7,FAIL
2025-03-21T14:53:49Z,frank,10.0.0.1,OK
2025-03-21T14:53:53Z,alice,10.0.0.10,OK
2025-03-21T14:53:56Z,frank,10.0.0.8,OK
2025-03-21T14:54:01Z,eve,10.0.0.1,OK
2025-03-21T14:54:04Z,carol,10.0.0.1,FAIL
2025-03-21T14:54:14Z,bob,10.0.0.4,FAIL
2025-03-21T14:54:22Z,frank,10.0.0.10,FAIL
2025-03-21T14:54:30Z,bob,10.0.0.5,FAIL
2025-03-21T14:54:37Z,eve,10.0.0.4,FAIL
2025-03-21T14:54:45Z,carol,10.0.0.6,OK
2025-03-21T14:54:47Z,carol,10.0.0.8,FAIL
2025-03-21T14:54:51Z,eve,10.0.0.9,FAIL
2025-03-21T14:55:00Z,bob,10.0.0.3,FAIL
2025-03-21T14:55:08Z,frank,10.0.0.6,OK
2025-03-21T14:55:16Z,carol,10.0.0.1,FAIL
2025-03-21T14:55:19Z,dave,10.0.0.7,OK
2025-03-21T14:55:28Z,bob,10.0.0.3,FAIL
2025-03-21T14:55:38Z,alice,10.0.0.6,FAIL
2025-03-21T14:55:40Z,carol,10.0.0.2,FAIL
2025-03-21T14:55:44Z,carol,10.0.0.9,FAIL
2025-03-21T14:55:53Z,bob,10.0.0.9,OK
2025-03-21T14:56:01Z,bob,10.0.0.5,FAIL
2025-03-21T14:56:07Z,carol,10.0.0.10,OK
2025-03-21T14:56:11Z,carol,10.0.0.9,OK
2025-03-21T14:56:15Z,bob,10.0.0.6,FAIL
2025-03-21T14:56:24Z,eve,10.0.0.2,FAIL
2025-03-21T14:56:25Z,bob,10.0.0.10,OK
2025-03-21T14:56:31Z,dave,10.0.0.10,OK
2025-03-21T14:56:40Z,bob,10.0.0.10,FAIL
2025-03-21T14:56:44Z,alice,10.0.0.5,FAIL
2025-03-21T14:56:54Z,carol,10.0.0.9,OK
2025-03-21T14:56:59Z,alice,10.0.0.1,OK
2025-03-21T14:57:04Z,carol,10.0.0.5,OK
2025-03-21T14:57:09Z,bob,10.0.0.6,OK
2025-03-21T14:57:14Z,bob,10.0.0.5,OK
2025-03-21T14:57:15Z,carol,10.0.0.10,OK
2025-03-21T14:57:18Z,eve,10.0.0.6,FAIL
2025-03-21T14:57:23Z,frank,10.0.0.1,OK
2025-03-21T14:57:28Z,frank,10.0.0.3,FAIL
2025-03-21T14:57:30Z,frank,10.0.0.8,FAIL
2025-03-21T14:57:37Z,carol,10.0.0.6,OK
2025-03-21T14:57:47Z,eve,10.0.0.5,OK
2025-03-21T14:57:48Z,dave,10.0.0.4,OK
2025-03-21T14:57:52Z,frank,10.0.0.2,FAIL
2025-03-21T14:57:59Z,frank,10.0.0.1,FAIL
2025-03-21T14:58:00Z,alice,10.0.0.2,FAIL
2025-03-21T14:58:07Z,frank,10.0.0.5,FAIL
2025-03-21T14:58:14Z,dave,10.0.0.1,FAIL
2025-03-21T14:58:20Z,dave,10.0.0.8,FAIL
2025-03-21T14:58:29Z,dave,10.0.0.9,FAIL
2025-03-21T14:58:32Z,alice,10.0.0.9,OK
2025-03-21T14:58:42Z,dave,10.0.0.4,OK
2025-03-21T14:58:50Z,dave,10.0.0.5,OK
2025-03-21T14:58:54Z,dave,10.0.0.4,OK
2025-03-21T14:59:01Z,carol,10.0.0.6,OK
2025-03-21T14:59:07Z,dave,10.0.0.4,OK
2025-03-21T14:59:09Z,bob,10.0.0.10,FAIL
2025-03-21T14:59:13Z,bob,10.0.0.9,FAIL
2025-03-21T14:59:16Z,dave,10.0.0.9,OK
2025-03-21T14:59:22Z,carol,10.0.0.9,OK
2025-03-21T14:59:30Z,alice,10.0.0.1,FAIL
2025-03-21T14:59:32Z,dave,10.0.0.5,FAIL
2025-03-21T14:59:38Z,carol,10.0.0.1,OK
2025-03-21T14:59:47Z,bob,10.0.0.9,OK
2025-03-21T14:59:53Z,eve,10.0.0.8,OK
2025-03-21T15:00:02Z,bob,10.0.0.9,FAIL
2025-03-21T15:00:05Z,eve,10.0.0.8,OK
2025-03-21T15:00:06Z,dave,10.0.0.2,OK
2025-03-21T15:00:07Z,dave,10.0.0.4,FAIL
2025-03-21T15:00:15Z,bob,10.0.0.6,FAIL
2025-03-21T15:00:25Z,frank,10.0.0.5,FAIL
2025-03-21T15:00:34Z,bob,10.0.0.3,FAIL
2025-03-21T15:00:36Z,alice,10.0.0.6,OK
2025-03-21T15:00:42Z,dave,10.0.0.1,FAIL
2025-03-21T15:00:52Z,carol,10.0.0.10,OK
2025-03-21T15:00:55Z,carol,10.0.0.1,OK
2025-03-21T15:01:00Z,eve,10.0.0.8,FAIL
2025-03-21T15:01:01Z,frank,10.0.0.10,FAIL
2025-03-21T15:01:06Z,carol,10.0.0.2,OK
2025-03-21T15:01:11Z,bob,10.0.0.9,FAIL
2025-03-21T15:01:20Z,dave,10.0.0.7,OK
